date,bullish,neutral,bearish,spread
7-24-87,36.0%,50.0%,14.0%,0.22
7-31-87,26.0%,48.0%,26.0%,0
8-7-87,56.0%,15.0%,29.0%,0.27
8-14-87,45.0%,35.0%,20.0%,0.25
8-21-87,66.0%,28.0%,6.0%,0.6
8-28-87,52.0%,18.0%,30.0%,0.22
9-4-87,42.0%,17.0%,41.0%,0.01
9-11-87,50.0%,23.0%,27.0%,0.23
9-18-87,60.0%,29.0%,11.0%,0.49
9-25-87,53.0%,17.0%,30.0%,0.23
10-2-87,44.0%,26.0%,30.0%,0.14
10-9-87,46.0%,39.0%,15.0%,0.31
10-16-87,37.0%,30.0%,33.0%,0.04
10-23-87,39.0%,30.0%,31.0%,0.08
10-30-87,44.0%,23.0%,33.0%,0.11
11-6-87,47.0%,31.0%,22.0%,0.25
11-13-87,31.0%,41.0%,28.0%,0.03
11-20-87,39.0%,42.0%,19.0%,0.2
11-27-87,27.0%,46.0%,27.0%,0
12-4-87,25.0%,33.0%,42.0%,-0.17
12-11-87,23.0%,45.0%,32.0%,-0.09
12-18-87,33.0%,40.0%,27.0%,0.06
12-24-87,28.0%,52.0%,20.0%,0.08
12-31-87,25.0%,49.0%,26.0%,-0.01
1-8-88,34.0%,46.0%,20.0%,0.14
1-15-88,34.0%,40.0%,26.0%,0.08
1-22-88,21.0%,48.0%,31.0%,-0.1
1-29-88,26.0%,45.0%,29.0%,-0.03
2-5-88,32.0%,53.0%,15.0%,0.17
2-12-88,32.0%,46.0%,22.0%,0.1
2-19-88,27.0%,49.0%,24.0%,0.03
2-26-88,30.0%,51.0%,19.0%,0.11
3-4-88,38.0%,40.0%,22.0%,0.16
3-11-88,43.0%,40.0%,17.0%,0.26
3-18-88,41.0%,49.0%,10.0%,0.31
3-25-88,45.0%,38.0%,17.0%,0.28
4-1-88,35.0%,45.0%,20.0%,0.15
4-8-88,33.0%,48.0%,19.0%,0.14
4-15-88,23.0%,53.0%,24.0%,-0.01
4-22-88,23.0%,57.0%,20.0%,0.03
4-29-88,22.0%,48.0%,30.0%,-0.08
5-6-88,38.0%,42.0%,20.0%,0.18
5-13-88,19.0%,56.0%,25.0%,-0.06
5-20-88,23.0%,52.0%,25.0%,-0.02
5-27-88,28.0%,52.0%,20.0%,0.08
6-3-88,26.0%,62.0%,12.0%,0.14
6-10-88,28.0%,49.0%,23.0%,0.05
6-17-88,29.0%,50.0%,21.0%,0.08
6-24-88,33.0%,44.0%,23.0%,0.1
7-1-88,45.0%,38.0%,17.0%,0.28
7-8-88,35.0%,50.0%,15.0%,0.2
7-15-88,26.0%,37.0%,37.0%,-0.11
7-22-88,16.0%,58.0%,26.0%,-0.1
7-29-88,23.0%,54.0%,23.0%,0
8-5-88,21.0%,49.0%,30.0%,-0.09
8-12-88,26.0%,48.0%,26.0%,0
8-19-88,19.0%,53.0%,28.0%,-0.09
8-26-88,28.0%,40.0%,32.0%,-0.04
9-2-88,18.0%,43.0%,39.0%,-0.21
9-9-88,17.0%,52.0%,31.0%,-0.14
9-16-88,24.0%,46.0%,30.0%,-0.06
9-23-88,20.0%,53.0%,27.0%,-0.07
9-30-88,26.0%,44.0%,30.0%,-0.04
10-7-88,13.0%,49.0%,38.0%,-0.25
10-14-88,22.0%,46.0%,32.0%,-0.1
10-21-88,26.0%,51.0%,23.0%,0.03
10-28-88,40.0%,38.0%,22.0%,0.18
11-4-88,35.0%,46.0%,19.0%,0.16
11-11-88,23.0%,56.0%,21.0%,0.02
11-18-88,30.0%,34.0%,36.0%,-0.06
11-25-88,17.0%,44.0%,39.0%,-0.22
12-2-88,19.0%,47.0%,34.0%,-0.15
12-9-88,17.0%,44.0%,39.0%,-0.22
12-16-88,24.0%,54.0%,22.0%,0.02
12-23-88,22.0%,46.0%,32.0%,-0.1
12-30-88,24.0%,54.0%,22.0%,0.02
1-6-89,26.0%,51.0%,23.0%,0.03
1-13-89,36.0%,44.0%,20.0%,0.16
1-20-89,36.0%,47.0%,17.0%,0.19
1-27-89,32.0%,49.0%,19.0%,0.13
2-3-89,33.0%,44.0%,23.0%,0.1
2-10-89,43.0%,31.0%,26.0%,0.17
2-17-89,42.0%,41.0%,17.0%,0.25
2-24-89,29.0%,45.0%,26.0%,0.03
3-3-89,29.0%,35.0%,36.0%,-0.07
3-10-89,13.0%,52.0%,35.0%,-0.22
3-17-89,28.0%,43.0%,29.0%,-0.01
3-23-89,29.0%,41.0%,30.0%,-0.01
3-31-89,18.0%,42.0%,40.0%,-0.22
4-7-89,23.0%,45.0%,32.0%,-0.09
4-14-89,25.0%,42.0%,33.0%,-0.08
4-21-89,21.0%,51.0%,28.0%,-0.07
4-28-89,31.0%,40.0%,29.0%,0.02
5-5-89,30.0%,40.0%,30.0%,0
5-12-89,38.0%,43.0%,19.0%,0.19
5-19-89,43.0%,38.0%,19.0%,0.24
5-26-89,48.0%,31.0%,21.0%,0.27
6-2-89,42.0%,27.0%,31.0%,0.11
6-9-89,43.0%,34.0%,23.0%,0.2
6-16-89,32.0%,37.0%,31.0%,0.01
6-23-89,33.0%,22.0%,45.0%,-0.12
6-30-89,40.0%,34.0%,26.0%,0.14
7-7-89,37.0%,32.0%,31.0%,0.06
7-14-89,22.0%,30.0%,48.0%,-0.26
7-21-89,32.0%,39.0%,29.0%,0.03
7-28-89,41.0%,25.0%,34.0%,0.07
8-4-89,35.0%,30.0%,35.0%,0
8-11-89,53.0%,21.0%,26.0%,0.27
8-18-89,35.0%,28.0%,37.0%,-0.02
8-25-89,45.0%,24.0%,31.0%,0.14
9-1-89,34.0%,30.0%,36.0%,-0.02
9-8-89,30.0%,30.0%,40.0%,-0.1
9-15-89,31.0%,44.0%,25.0%,0.06
9-22-89,24.0%,37.0%,39.0%,-0.15
9-29-89,33.0%,38.0%,29.0%,0.04
10-6-89,24.0%,43.0%,33.0%,-0.09
10-13-89,28.0%,52.0%,20.0%,0.08
10-20-89,39.0%,28.0%,33.0%,0.06
10-27-89,36.0%,33.0%,31.0%,0.05
11-3-89,37.0%,31.0%,32.0%,0.05
11-10-89,27.0%,37.0%,36.0%,-0.09
11-17-89,24.0%,28.0%,48.0%,-0.24
11-22-89,27.0%,40.0%,33.0%,-0.06
12-1-89,28.0%,40.0%,32.0%,-0.04
12-8-89,31.0%,41.0%,28.0%,0.03
12-15-89,42.0%,30.0%,28.0%,0.14
12-22-89,36.0%,32.0%,32.0%,0.04
12-29-89,35.0%,31.0%,34.0%,0.01
1-5-90,40.0%,30.0%,30.0%,0.1
1-12-90,45.0%,38.0%,17.0%,0.28
1-19-90,31.0%,49.0%,20.0%,0.11
1-26-90,24.0%,38.0%,38.0%,-0.14
2-2-90,15.0%,37.0%,48.0%,-0.33
2-9-90,19.0%,30.0%,51.0%,-0.32
2-16-90,23.0%,43.0%,34.0%,-0.11
2-23-90,24.0%,38.0%,38.0%,-0.14
3-2-90,21.0%,37.0%,42.0%,-0.21
3-9-90,22.0%,42.0%,36.0%,-0.14
3-16-90,25.0%,35.0%,40.0%,-0.15
3-23-90,37.0%,39.0%,24.0%,0.13
3-30-90,34.0%,35.0%,31.0%,0.03
4-6-90,38.0%,37.0%,25.0%,0.13
4-12-90,27.0%,56.0%,17.0%,0.1
4-20-90,34.0%,43.0%,23.0%,0.11
4-27-90,28.0%,35.0%,37.0%,-0.09
5-4-90,20.0%,35.0%,45.0%,-0.25
5-11-90,28.0%,38.0%,34.0%,-0.06
5-18-90,37.0%,35.0%,28.0%,0.09
5-25-90,39.0%,32.0%,29.0%,0.1
6-1-90,37.0%,28.0%,35.0%,0.02
6-8-90,35.0%,35.0%,30.0%,0.05
6-15-90,43.0%,32.0%,25.0%,0.18
6-22-90,34.0%,32.0%,34.0%,0
6-29-90,31.0%,31.0%,38.0%,-0.07
7-6-90,28.0%,34.0%,38.0%,-0.1
7-13-90,40.0%,30.0%,30.0%,0.1
7-20-90,40.0%,30.0%,30.0%,0.1
7-27-90,52.0%,24.0%,24.0%,0.28
8-3-90,26.0%,28.0%,46.0%,-0.2
8-10-90,25.0%,21.0%,54.0%,-0.29
8-17-90,18.0%,23.0%,59.0%,-0.41
8-24-90,25.0%,24.0%,51.0%,-0.26
8-31-90,23.0%,16.0%,61.0%,-0.38
9-7-90,33.0%,18.0%,49.0%,-0.16
9-14-90,16.0%,33.0%,51.0%,-0.35
9-21-90,13.0%,31.0%,56.0%,-0.43
9-28-90,26.0%,20.0%,54.0%,-0.28
10-5-90,15.0%,26.0%,59.0%,-0.44
10-12-90,21.0%,27.0%,52.0%,-0.31
10-19-90,13.0%,20.0%,67.0%,-0.54
10-26-90,23.0%,19.0%,58.0%,-0.35
11-2-90,20.0%,36.0%,44.0%,-0.24
11-9-90,20.0%,32.0%,48.0%,-0.28
11-16-90,12.0%,33.0%,55.0%,-0.43
11-21-90,16.0%,37.0%,47.0%,-0.31
11-30-90,22.0%,33.0%,45.0%,-0.23
12-7-90,26.0%,33.0%,41.0%,-0.15
12-14-90,31.0%,31.0%,38.0%,-0.07
12-21-90,16.0%,34.0%,50.0%,-0.34
12-28-90,30.0%,30.0%,40.0%,-0.1
1-4-91,31.0%,39.0%,30.0%,0.01
1-11-91,22.0%,30.0%,48.0%,-0.26
1-18-91,22.0%,27.0%,51.0%,-0.29
1-25-91,25.0%,25.0%,50.0%,-0.25
2-1-91,29.0%,29.0%,42.0%,-0.13
2-8-91,36.0%,28.0%,36.0%,0
2-15-91,46.0%,30.0%,24.0%,0.22
2-22-91,57.0%,20.0%,23.0%,0.34
3-1-91,50.0%,18.0%,32.0%,0.18
3-8-91,50.0%,21.0%,29.0%,0.21
3-15-91,55.0%,22.0%,23.0%,0.32
3-22-91,42.0%,31.0%,27.0%,0.15
3-29-91,47.0%,28.0%,25.0%,0.22
4-5-91,58.0%,22.0%,20.0%,0.38
4-12-91,43.0%,32.0%,25.0%,0.18
4-19-91,39.0%,39.0%,22.0%,0.17
4-26-91,55.0%,28.0%,17.0%,0.38
5-3-91,39.0%,33.0%,28.0%,0.11
5-10-91,38.0%,34.0%,28.0%,0.1
5-17-91,42.0%,32.0%,26.0%,0.16
5-24-91,38.0%,39.0%,23.0%,0.15
5-31-91,42.0%,35.0%,23.0%,0.19
6-7-91,46.0%,37.0%,17.0%,0.29
6-14-91,47.0%,31.0%,22.0%,0.25
6-21-91,44.0%,40.0%,16.0%,0.28
6-28-91,28.0%,37.0%,35.0%,-0.07
7-3-91,28.0%,39.0%,33.0%,-0.05
7-12-91,41.0%,39.0%,20.0%,0.21
7-19-91,27.0%,51.0%,22.0%,0.05
7-26-91,35.0%,42.0%,23.0%,0.12
8-2-91,33.0%,36.0%,31.0%,0.02
8-9-91,26.0%,45.0%,29.0%,-0.03
8-16-91,37.0%,33.0%,30.0%,0.07
8-23-91,32.0%,36.0%,32.0%,0
8-30-91,41.0%,40.0%,19.0%,0.22
9-6-91,36.0%,31.0%,33.0%,0.03
9-13-91,43.0%,39.0%,18.0%,0.25
9-20-91,32.0%,48.0%,20.0%,0.12
9-27-91,31.0%,38.0%,31.0%,0
10-4-91,35.0%,30.0%,35.0%,0
10-11-91,39.0%,37.0%,24.0%,0.15
10-18-91,30.0%,31.0%,39.0%,-0.09
10-25-91,31.0%,36.0%,33.0%,-0.02
11-1-91,52.0%,12.0%,36.0%,0.16
11-8-91,32.0%,36.0%,32.0%,0
11-15-91,38.0%,33.0%,29.0%,0.09
11-22-91,48.0%,32.0%,20.0%,0.28
11-27-91,33.0%,27.0%,40.0%,-0.07
12-6-91,23.0%,32.0%,45.0%,-0.22
12-13-91,33.0%,36.0%,31.0%,0.02
12-20-91,36.0%,30.0%,34.0%,0.02
12-27-91,39.0%,29.0%,32.0%,0.07
1-3-92,49.0%,20.0%,31.0%,0.18
1-10-92,48.0%,27.0%,25.0%,0.23
1-17-92,51.0%,21.0%,28.0%,0.23
1-24-92,46.0%,25.0%,29.0%,0.17
1-31-92,47.0%,26.0%,27.0%,0.2
2-7-92,36.0%,39.0%,25.0%,0.11
2-14-92,46.0%,28.0%,26.0%,0.2
2-21-92,47.0%,25.0%,28.0%,0.19
2-28-92,43.0%,36.0%,21.0%,0.22
3-6-92,45.0%,29.0%,26.0%,0.19
3-13-92,38.0%,35.0%,27.0%,0.11
3-20-92,48.0%,29.0%,23.0%,0.25
3-27-92,43.0%,35.0%,22.0%,0.21
4-3-92,35.0%,42.0%,23.0%,0.12
4-10-92,43.0%,27.0%,30.0%,0.13
4-17-92,37.0%,38.0%,25.0%,0.12
4-24-92,52.0%,34.0%,14.0%,0.38
5-1-92,29.0%,36.0%,35.0%,-0.06
5-8-92,43.0%,31.0%,26.0%,0.17
5-15-92,40.0%,37.0%,23.0%,0.17
5-22-92,48.0%,24.0%,28.0%,0.2
5-29-92,41.0%,43.0%,16.0%,0.25
6-5-92,41.0%,40.0%,19.0%,0.22
6-12-92,31.0%,46.0%,23.0%,0.08
6-19-92,35.0%,37.0%,28.0%,0.07
6-26-92,39.0%,34.0%,27.0%,0.12
7-2-92,21.0%,44.0%,35.0%,-0.14
7-9-92,23.0%,42.0%,35.0%,-0.12
7-17-92,29.0%,40.0%,31.0%,-0.02
7-24-92,32.0%,44.0%,24.0%,0.08
7-31-92,22.0%,47.0%,31.0%,-0.09
8-5-92,28.0%,39.0%,33.0%,-0.05
8-14-92,26.0%,37.0%,37.0%,-0.11
8-21-92,22.0%,34.0%,44.0%,-0.22
8-28-92,30.0%,37.0%,33.0%,-0.03
9-4-92,14.0%,44.0%,42.0%,-0.28
9-11-92,22.0%,39.0%,39.0%,-0.17
9-18-92,21.0%,42.0%,37.0%,-0.16
9-25-92,25.0%,34.0%,41.0%,-0.16
10-2-92,30.0%,35.0%,35.0%,-0.05
10-9-92,21.0%,35.0%,44.0%,-0.23
10-16-92,20.0%,24.0%,56.0%,-0.36
10-23-92,21.0%,32.0%,47.0%,-0.26
10-30-92,35.0%,35.0%,30.0%,0.05
11-6-92,49.0%,27.0%,24.0%,0.25
11-13-92,37.0%,44.0%,19.0%,0.18
11-20-92,48.0%,38.0%,14.0%,0.34
11-25-92,43.0%,37.0%,20.0%,0.23
12-4-92,37.0%,39.0%,24.0%,0.13
12-11-92,43.0%,42.0%,15.0%,0.28
12-18-92,63.0%,27.0%,10.0%,0.53
12-24-92,55.0%,30.0%,15.0%,0.4
1-1-93,60.0%,27.0%,13.0%,0.47
1-8-93,20.0%,49.0%,31.0%,-0.11
1-15-93,54.0%,32.0%,14.0%,0.4
1-22-93,41.0%,38.0%,21.0%,0.2
1-29-93,40.0%,37.0%,23.0%,0.17
2-5-93,44.0%,34.0%,22.0%,0.22
2-12-93,47.0%,31.0%,22.0%,0.25
2-19-93,46.0%,27.0%,27.0%,0.19
2-26-93,34.0%,32.0%,34.0%,0
3-5-93,27.0%,36.0%,37.0%,-0.1
3-12-93,45.0%,33.0%,22.0%,0.23
3-19-93,41.0%,32.0%,27.0%,0.14
3-26-93,43.0%,34.0%,23.0%,0.2
4-2-93,37.0%,36.0%,27.0%,0.1
4-9-93,32.0%,39.0%,29.0%,0.03
4-16-93,31.0%,35.0%,34.0%,-0.03
4-23-93,28.0%,42.0%,30.0%,-0.02
4-30-93,22.0%,37.0%,41.0%,-0.19
5-7-93,21.0%,45.0%,34.0%,-0.13
5-14-93,20.0%,41.0%,39.0%,-0.19
5-21-93,21.0%,34.0%,45.0%,-0.24
5-28-93,24.0%,37.0%,39.0%,-0.15
6-4-93,33.0%,39.0%,28.0%,0.05
6-11-93,23.0%,36.0%,41.0%,-0.18
6-18-93,22.0%,35.0%,43.0%,-0.21
6-25-93,28.0%,38.0%,34.0%,-0.06
7-2-93,18.0%,44.0%,38.0%,-0.2
7-9-93,21.0%,45.0%,34.0%,-0.13
7-16-93,22.0%,44.0%,34.0%,-0.12
7-23-93,24.0%,43.0%,33.0%,-0.09
7-30-93,25.0%,45.0%,30.0%,-0.05
8-6-93,26.0%,42.0%,32.0%,-0.06
8-13-93,25.0%,41.0%,34.0%,-0.09
8-20-93,29.0%,41.0%,30.0%,-0.01
8-27-93,27.0%,35.0%,38.0%,-0.11
9-3-93,38.0%,33.0%,29.0%,0.09
9-10-93,30.0%,30.0%,40.0%,-0.1
9-17-93,32.0%,34.0%,34.0%,-0.02
9-24-93,28.0%,40.0%,32.0%,-0.04
10-1-93,26.0%,34.0%,40.0%,-0.14
10-8-93,29.0%,37.0%,34.0%,-0.05
10-15-93,31.0%,38.0%,31.0%,0
10-22-93,42.0%,30.0%,28.0%,0.14
10-29-93,43.0%,33.0%,24.0%,0.19
11-4-93,32.0%,36.0%,32.0%,0
11-11-93,35.0%,30.0%,35.0%,0
11-18-93,34.0%,31.0%,35.0%,-0.01
11-24-93,45.0%,30.0%,25.0%,0.2
12-2-93,33.0%,32.0%,35.0%,-0.02
12-9-93,37.0%,39.0%,24.0%,0.13
12-16-93,33.0%,38.0%,29.0%,0.04
12-23-93,36.0%,31.0%,33.0%,0.03
12-30-93,44.0%,28.0%,28.0%,0.16
1-6-94,40.0%,33.0%,27.0%,0.13
1-13-94,38.0%,31.0%,31.0%,0.07
1-20-94,48.0%,26.0%,26.0%,0.22
1-27-94,41.0%,25.0%,34.0%,0.07
2-3-94,38.0%,29.0%,33.0%,0.05
2-10-94,49.0%,27.0%,24.0%,0.25
2-17-94,40.0%,36.0%,24.0%,0.16
2-24-94,41.0%,30.0%,29.0%,0.12
3-3-94,31.0%,42.0%,27.0%,0.04
3-10-94,29.0%,34.0%,37.0%,-0.08
3-17-94,24.0%,41.0%,35.0%,-0.11
3-24-94,29.0%,37.0%,34.0%,-0.05
3-31-94,23.0%,33.0%,44.0%,-0.21
4-7-94,28.0%,31.0%,41.0%,-0.13
4-14-94,29.0%,23.0%,48.0%,-0.19
4-21-94,26.0%,41.0%,33.0%,-0.07
4-28-94,27.0%,35.0%,38.0%,-0.11
5-5-94,32.0%,32.0%,36.0%,-0.04
5-12-94,38.0%,32.0%,30.0%,0.08
5-19-94,22.0%,36.0%,42.0%,-0.2
5-26-94,29.0%,33.0%,38.0%,-0.09
6-2-94,39.0%,36.0%,25.0%,0.14
6-9-94,28.0%,47.0%,25.0%,0.03
6-16-94,32.0%,42.0%,26.0%,0.06
6-23-94,29.0%,45.0%,26.0%,0.03
6-30-94,32.0%,37.0%,31.0%,0.01
7-7-94,28.0%,32.0%,40.0%,-0.12
7-14-94,25.0%,40.0%,35.0%,-0.1
7-21-94,34.0%,38.0%,28.0%,0.06
7-28-94,27.0%,42.0%,31.0%,-0.04
8-4-94,22.0%,52.0%,26.0%,-0.04
8-11-94,34.0%,37.0%,29.0%,0.05
8-18-94,30.0%,40.0%,30.0%,0
8-25-94,32.0%,39.0%,29.0%,0.03
9-1-94,43.0%,34.0%,23.0%,0.2
9-8-94,47.0%,33.0%,20.0%,0.27
9-15-94,45.0%,25.0%,30.0%,0.15
9-22-94,37.0%,36.0%,27.0%,0.1
9-29-94,38.0%,32.0%,30.0%,0.08
10-6-94,33.0%,39.0%,28.0%,0.05
10-13-94,35.0%,39.0%,26.0%,0.09
10-20-94,39.0%,33.0%,28.0%,0.11
10-27-94,43.0%,38.0%,19.0%,0.24
11-3-94,40.0%,35.0%,25.0%,0.15
11-10-94,37.0%,31.0%,32.0%,0.05
11-17-94,39.0%,22.0%,39.0%,0
11-23-94,39.0%,32.0%,29.0%,0.1
11-30-94,44.0%,30.0%,26.0%,0.18
12-8-94,30.0%,35.0%,35.0%,-0.05
12-15-94,33.0%,35.0%,32.0%,0.01
12-22-94,42.0%,25.0%,33.0%,0.09
12-29-94,40.0%,43.0%,17.0%,0.23
1-5-95,44.0%,31.0%,25.0%,0.19
1-12-95,36.0%,42.0%,22.0%,0.14
1-19-95,37.0%,39.0%,24.0%,0.13
1-26-95,38.0%,37.0%,25.0%,0.13
2-2-95,38.0%,37.0%,25.0%,0.13
2-9-95,34.0%,43.0%,23.0%,0.11
2-16-95,43.0%,37.0%,20.0%,0.23
2-23-95,46.0%,37.0%,17.0%,0.29
3-2-95,53.0%,26.0%,21.0%,0.32
3-9-95,48.0%,34.0%,18.0%,0.3
3-16-95,39.0%,41.0%,20.0%,0.19
3-23-95,47.0%,30.0%,23.0%,0.24
3-30-95,52.0%,23.0%,25.0%,0.27
4-6-95,42.0%,25.0%,33.0%,0.09
4-13-95,40.0%,23.0%,37.0%,0.03
4-20-95,37.0%,27.0%,36.0%,0.01
4-27-95,52.0%,29.0%,19.0%,0.33
5-4-95,42.0%,27.0%,31.0%,0.11
5-11-95,44.0%,26.0%,30.0%,0.14
5-18-95,42.0%,23.0%,35.0%,0.07
5-25-95,44.0%,26.0%,30.0%,0.14
6-1-95,39.0%,34.0%,27.0%,0.12
6-8-95,44.0%,25.0%,31.0%,0.13
6-15-95,36.0%,31.0%,33.0%,0.03
6-22-95,48.0%,21.0%,31.0%,0.17
6-29-95,35.0%,28.0%,37.0%,-0.02
7-6-95,35.0%,34.0%,31.0%,0.04
7-13-95,44.0%,18.0%,38.0%,0.06
7-20-95,43.0%,30.0%,27.0%,0.16
7-27-95,41.0%,26.0%,33.0%,0.08
8-3-95,38.0%,34.0%,28.0%,0.1
8-10-95,40.0%,30.0%,30.0%,0.1
8-17-95,36.0%,43.0%,21.0%,0.15
8-24-95,35.0%,28.0%,37.0%,-0.02
8-31-95,38.0%,42.0%,20.0%,0.18
9-7-95,37.0%,36.0%,27.0%,0.1
9-14-95,46.0%,32.0%,22.0%,0.24
9-21-95,46.0%,25.0%,29.0%,0.17
9-28-95,42.0%,27.0%,31.0%,0.11
10-5-95,39.0%,37.0%,24.0%,0.15
10-12-95,41.0%,30.0%,29.0%,0.12
10-19-95,47.0%,32.0%,21.0%,0.26
10-26-95,46.0%,33.0%,21.0%,0.25
11-2-95,47.0%,34.0%,19.0%,0.28
11-9-95,49.0%,35.0%,16.0%,0.33
11-16-95,46.0%,31.0%,23.0%,0.23
11-22-95,48.0%,18.0%,34.0%,0.14
11-30-95,51.0%,30.0%,19.0%,0.32
12-7-95,48.0%,28.0%,24.0%,0.24
12-14-95,51.0%,23.0%,26.0%,0.25
12-21-95,48.0%,28.0%,24.0%,0.24
12-28-95,46.0%,34.0%,20.0%,0.26
1-4-96,55.0%,18.0%,27.0%,0.28
1-11-96,#N/A,#N/A,#N/A,#N/A
1-18-96,42.0%,29.0%,29.0%,0.13
1-25-96,36.0%,40.0%,24.0%,0.12
2-1-96,54.0%,31.0%,15.0%,0.39
2-8-96,53.0%,31.0%,16.0%,0.37
2-15-96,54.0%,21.0%,25.0%,0.29
2-22-96,49.0%,22.0%,29.0%,0.2
2-29-96,45.0%,28.0%,27.0%,0.18
3-7-96,44.0%,28.0%,28.0%,0.16
3-14-96,36.0%,35.0%,29.0%,0.07
3-21-96,47.0%,31.0%,22.0%,0.25
3-28-96,45.0%,31.0%,24.0%,0.21
4-4-96,40.0%,43.0%,17.0%,0.23
4-11-96,40.0%,42.0%,18.0%,0.22
4-18-96,36.0%,38.0%,26.0%,0.1
4-25-96,28.0%,40.0%,32.0%,-0.04
5-2-96,48.0%,31.0%,21.0%,0.27
5-9-96,46.0%,38.0%,16.0%,0.3
5-16-96,37.0%,40.0%,23.0%,0.14
5-23-96,51.0%,35.0%,14.0%,0.37
5-30-96,61.0%,29.0%,10.0%,0.51
6-6-96,47.0%,28.0%,25.0%,0.22
6-13-96,49.0%,28.0%,23.0%,0.26
6-20-96,42.0%,32.0%,26.0%,0.16
6-27-96,42.0%,41.0%,17.0%,0.25
7-3-96,32.0%,44.0%,24.0%,0.08
7-11-96,40.0%,35.0%,25.0%,0.15
7-18-96,29.0%,45.0%,26.0%,0.03
7-25-96,30.0%,32.0%,38.0%,-0.08
8-1-96,29.0%,38.0%,33.0%,-0.04
8-8-96,27.0%,42.0%,31.0%,-0.04
8-15-96,43.0%,37.0%,20.0%,0.23
8-22-96,28.0%,46.0%,26.0%,0.02
8-29-96,28.0%,43.0%,29.0%,-0.01
9-5-96,29.0%,35.0%,36.0%,-0.07
9-12-96,26.0%,46.0%,28.0%,-0.02
9-19-96,28.0%,41.0%,31.0%,-0.03
9-26-96,34.0%,39.0%,27.0%,0.07
10-3-96,40.0%,31.0%,29.0%,0.11
10-10-96,38.0%,36.0%,26.0%,0.12
10-17-96,39.0%,36.0%,25.0%,0.14
10-24-96,42.0%,33.0%,25.0%,0.17
10-31-96,37.0%,29.0%,34.0%,0.03
11-7-96,26.0%,45.0%,29.0%,-0.03
11-14-96,37.0%,34.0%,29.0%,0.08
11-21-96,43.0%,30.0%,27.0%,0.16
11-27-96,52.0%,27.0%,21.0%,0.31
12-5-96,41.0%,26.0%,33.0%,0.08
12-12-96,40.0%,28.0%,32.0%,0.08
12-19-96,33.0%,28.0%,39.0%,-0.06
12-26-96,37.0%,33.0%,30.0%,0.07
1-2-97,43.0%,33.0%,24.0%,0.19
1-9-97,36.0%,39.0%,25.0%,0.11
1-16-97,42.0%,32.0%,26.0%,0.16
1-23-97,37.0%,41.0%,22.0%,0.15
1-30-97,51.0%,33.0%,16.0%,0.35
2-6-97,47.0%,29.0%,24.0%,0.23
2-13-97,45.0%,37.0%,18.0%,0.27
2-20-97,44.0%,36.0%,20.0%,0.24
2-27-97,63.0%,22.0%,15.0%,0.48
3-6-97,43.0%,37.0%,20.0%,0.23
3-13-97,34.0%,36.0%,30.0%,0.04
3-20-97,36.0%,42.0%,22.0%,0.14
3-27-97,27.0%,40.0%,33.0%,-0.06
4-3-97,29.0%,40.0%,31.0%,-0.02
4-10-97,26.0%,37.0%,37.0%,-0.11
4-17-97,31.0%,41.0%,28.0%,0.03
4-24-97,28.0%,40.0%,32.0%,-0.04
5-1-97,27.0%,44.0%,29.0%,-0.02
5-8-97,30.0%,44.0%,26.0%,0.04
5-15-97,41.0%,36.0%,23.0%,0.18
5-22-97,40.0%,35.0%,25.0%,0.15
5-29-97,40.0%,40.0%,20.0%,0.2
6-5-97,52.0%,33.0%,15.0%,0.37
6-12-97,49.0%,35.0%,16.0%,0.33
6-19-97,59.0%,26.0%,15.0%,0.44
6-26-97,52.0%,25.0%,23.0%,0.29
7-3-97,45.0%,30.0%,25.0%,0.2
7-10-97,49.0%,33.0%,18.0%,0.31
7-17-97,54.0%,30.0%,16.0%,0.38
7-24-97,53.0%,25.0%,22.0%,0.31
7-31-97,48.0%,26.0%,26.0%,0.22
8-7-97,49.0%,28.0%,23.0%,0.26
8-14-97,49.0%,30.0%,21.0%,0.28
8-21-97,47.0%,33.0%,20.0%,0.27
8-28-97,50.0%,28.0%,22.0%,0.28
9-4-97,37.0%,38.0%,25.0%,0.12
9-11-97,42.0%,36.0%,22.0%,0.2
9-18-97,40.0%,44.0%,16.0%,0.24
9-25-97,39.0%,42.0%,19.0%,0.2
10-2-97,38.0%,43.0%,19.0%,0.19
10-9-97,43.0%,43.0%,14.0%,0.29
10-16-97,43.0%,36.0%,21.0%,0.22
10-23-97,40.0%,46.0%,14.0%,0.26
10-30-97,41.0%,36.0%,23.0%,0.18
11-6-97,38.0%,37.0%,25.0%,0.13
11-13-97,45.0%,38.0%,17.0%,0.28
11-20-97,40.0%,38.0%,22.0%,0.18
11-26-97,40.0%,40.0%,20.0%,0.2
12-4-97,49.0%,33.0%,18.0%,0.31
12-11-97,46.0%,37.0%,17.0%,0.29
12-18-97,40.0%,41.0%,19.0%,0.21
12-24-97,41.0%,36.0%,23.0%,0.18
12-31-97,34.0%,35.0%,31.0%,0.03
1-8-98,42.0%,40.0%,18.0%,0.24
1-16-98,38.0%,45.0%,17.0%,0.21
1-23-98,31.0%,39.0%,30.0%,0.01
1-30-98,38.0%,42.0%,20.0%,0.18
2-5-98,30.0%,45.0%,25.0%,0.05
2-12-98,45.0%,36.0%,19.0%,0.26
2-19-98,42.0%,43.0%,15.0%,0.27
2-26-98,53.0%,33.0%,14.0%,0.39
3-5-98,53.0%,34.0%,13.0%,0.4
3-12-98,44.0%,36.0%,20.0%,0.24
3-19-98,40.0%,38.0%,22.0%,0.18
3-26-98,45.0%,35.0%,20.0%,0.25
4-2-98,46.0%,32.0%,22.0%,0.24
4-9-98,41.0%,36.0%,23.0%,0.18
4-16-98,53.0%,32.0%,15.0%,0.38
4-23-98,40.0%,38.0%,22.0%,0.18
4-30-98,44.0%,31.0%,25.0%,0.19
5-7-98,43.0%,34.0%,23.0%,0.2
5-14-98,33.0%,41.0%,26.0%,0.07
5-21-98,38.0%,39.0%,23.0%,0.15
5-28-98,34.0%,40.0%,26.0%,0.08
6-4-98,25.0%,44.0%,31.0%,-0.06
6-11-98,27.0%,49.0%,24.0%,0.03
6-18-98,29.0%,38.0%,33.0%,-0.04
6-25-98,28.0%,44.0%,28.0%,0
7-2-98,33.0%,48.0%,19.0%,0.14
7-9-98,36.0%,44.0%,20.0%,0.16
7-16-98,35.0%,44.0%,21.0%,0.14
7-23-98,37.0%,39.0%,24.0%,0.13
7-30-98,44.0%,36.0%,20.0%,0.24
8-6-98,30.0%,44.0%,26.0%,0.04
8-13-98,27.0%,38.0%,35.0%,-0.08
8-20-98,25.0%,42.0%,33.0%,-0.08
8-27-98,23.0%,32.0%,45.0%,-0.22
9-3-98,23.0%,37.0%,40.0%,-0.17
9-10-98,29.0%,31.0%,40.0%,-0.11
9-17-98,34.0%,35.0%,31.0%,0.03
9-24-98,34.0%,38.0%,28.0%,0.06
10-1-98,32.0%,35.0%,33.0%,-0.01
10-8-98,25.0%,43.0%,32.0%,-0.07
10-15-98,25.0%,34.0%,41.0%,-0.16
10-22-98,32.0%,35.0%,33.0%,-0.01
10-29-98,43.0%,36.0%,21.0%,0.22
11-5-98,38.0%,42.0%,20.0%,0.18
11-12-98,50.0%,36.0%,14.0%,0.36
11-19-98,40.0%,42.0%,18.0%,0.22
11-25-98,48.0%,35.0%,17.0%,0.31
12-3-98,49.0%,30.0%,21.0%,0.28
12-10-98,44.0%,30.0%,26.0%,0.18
12-17-98,41.0%,34.0%,25.0%,0.16
12-23-98,34.0%,34.0%,32.0%,0.02
12-31-98,41.0%,37.0%,22.0%,0.19
1-7-99,38.0%,39.0%,23.0%,0.15
1-14-99,51.0%,28.0%,21.0%,0.3
1-21-99,56.0%,24.0%,20.0%,0.36
1-28-99,47.0%,33.0%,20.0%,0.27
2-4-99,48.0%,38.0%,14.0%,0.34
2-11-99,48.0%,35.0%,17.0%,0.31
2-18-99,37.0%,39.0%,24.0%,0.13
2-25-99,37.0%,39.0%,24.0%,0.13
3-4-99,36.0%,45.0%,19.0%,0.17
3-11-99,37.0%,42.0%,21.0%,0.16
3-18-99,48.0%,31.0%,21.0%,0.27
3-25-99,38.0%,33.0%,29.0%,0.09
4-1-99,40.0%,35.0%,25.0%,0.15
4-8-99,36.0%,38.0%,26.0%,0.1
4-15-99,41.0%,31.0%,28.0%,0.13
4-22-99,38.0%,32.0%,30.0%,0.08
4-29-99,41.0%,32.0%,27.0%,0.14
5-6-99,54.0%,32.0%,14.0%,0.4
5-13-99,43.0%,31.0%,26.0%,0.17
5-20-99,43.0%,31.0%,26.0%,0.17
5-27-99,38.0%,42.0%,20.0%,0.18
6-3-99,32.0%,36.0%,32.0%,0
6-10-99,32.0%,40.0%,28.0%,0.04
6-17-99,38.0%,35.0%,27.0%,0.11
6-24-99,30.0%,39.0%,31.0%,-0.01
7-1-99,35.0%,38.0%,27.0%,0.08
7-8-99,43.0%,36.0%,21.0%,0.22
7-15-99,54.0%,28.0%,18.0%,0.36
7-22-99,55.0%,23.0%,22.0%,0.33
7-29-99,42.0%,38.0%,20.0%,0.22
8-5-99,30.0%,46.0%,24.0%,0.06
8-12-99,30.0%,40.0%,30.0%,0
8-19-99,31.0%,46.0%,23.0%,0.08
8-26-99,35.0%,40.0%,25.0%,0.1
9-2-99,44.0%,38.0%,18.0%,0.26
9-9-99,37.0%,38.0%,25.0%,0.12
9-16-99,36.0%,43.0%,21.0%,0.15
9-23-99,36.0%,36.0%,28.0%,0.08
9-30-99,35.0%,42.0%,23.0%,0.12
10-7-99,34.0%,38.0%,28.0%,0.06
10-14-99,42.0%,39.0%,19.0%,0.23
10-21-99,38.0%,37.0%,25.0%,0.13
10-28-99,38.0%,38.0%,24.0%,0.14
11-4-99,43.0%,35.0%,22.0%,0.21
11-11-99,48.0%,26.0%,26.0%,0.22
11-18-99,46.0%,32.0%,22.0%,0.24
11-24-99,55.0%,28.0%,17.0%,0.38
12-2-99,62.0%,25.0%,13.0%,0.49
12-9-99,62.0%,27.0%,11.0%,0.51
12-16-99,54.0%,26.0%,20.0%,0.34
12-23-99,52.0%,31.0%,17.0%,0.35
12-30-99,60.0%,25.0%,15.0%,0.45
1-6-00,75.0%,11.7%,13.3%,0.6167
1-13-00,59.3%,22.2%,18.5%,0.4074
1-20-00,57.1%,25.0%,17.9%,0.3928
1-27-00,53.7%,25.9%,20.4%,0.3333
2-3-00,51.1%,24.4%,24.4%,0.2667
2-10-00,41.9%,30.2%,27.9%,0.1395
2-17-00,27.3%,48.5%,24.2%,0.0303
2-24-00,41.4%,27.6%,31.0%,0.1035
3-2-00,36.7%,40.0%,23.3%,0.1334
3-8-00,58.3%,25.0%,16.7%,0.4166
3-16-00,50.0%,23.3%,26.7%,0.2333
3-23-00,65.7%,14.3%,20.0%,0.4571
3-30-00,38.9%,11.1%,50.0%,-0.1111
4-6-00,45.8%,33.3%,20.8%,0.25
4-13-00,51.9%,18.5%,29.6%,0.2222
4-20-00,63.7%,13.7%,22.6%,0.4118
4-27-00,61.3%,24.2%,14.5%,0.4677
5-4-00,34.8%,30.4%,34.8%,0
5-11-00,30.2%,44.2%,25.6%,0.0465
5-18-00,35.3%,23.5%,41.2%,-0.0589
5-25-00,34.9%,28.6%,36.5%,-0.0159
6-1-00,41.7%,20.8%,37.5%,0.0417
6-8-00,61.5%,15.4%,23.1%,0.3846
6-15-00,43.8%,37.5%,18.8%,0.25
6-22-00,26.7%,33.3%,40.0%,-0.1333
7-6-00,56.1%,28.1%,15.9%,0.4025
7-13-00,65.0%,15.0%,20.0%,0.45
7-20-00,66.7%,21.3%,12.0%,0.5467
7-27-00,42.9%,37.1%,20.0%,0.2286
8-3-00,41.3%,34.8%,23.9%,0.1739
8-10-00,54.1%,34.4%,11.5%,0.4262
8-17-00,59.4%,21.9%,18.8%,0.4063
8-23-00,57.7%,19.2%,23.1%,0.3461
8-31-00,55.9%,26.5%,17.7%,0.3823
9-7-00,62.5%,29.2%,8.3%,0.5417
9-14-00,41.2%,35.3%,23.5%,0.1765
9-21-00,43.8%,37.5%,18.8%,0.25
9-28-00,53.3%,40.0%,6.7%,0.4666
10-5-00,41.9%,32.3%,25.8%,0.1613
10-12-00,41.5%,26.8%,31.7%,0.0975
10-19-00,48.9%,26.7%,24.4%,0.2445
10-26-00,64.1%,18.0%,18.0%,0.4615
11-2-00,51.6%,25.8%,22.6%,0.2903
11-9-00,62.9%,28.6%,8.6%,0.5429
11-16-00,45.8%,37.5%,16.7%,0.2916
11-23-00,36.5%,27.0%,36.5%,0
11-30-00,60.4%,22.9%,16.7%,0.4375
12-7-00,47.1%,15.7%,37.3%,0.0981
12-14-00,59.6%,7.7%,32.7%,0.2693
12-21-00,31.1%,17.8%,51.1%,-0.2
12-28-00,40.0%,28.0%,32.0%,0.08
1-4-01,42.6%,33.3%,24.1%,0.1852
1-11-01,35.7%,21.4%,42.9%,-0.0715
1-18-01,36.6%,39.0%,24.4%,0.122
1-25-01,49.2%,24.6%,26.2%,0.2308
2-1-01,50.0%,30.8%,19.2%,0.3077
2-8-01,55.6%,30.0%,14.4%,0.4112
2-15-01,30.4%,47.8%,21.7%,0.0869
2-22-01,26.3%,35.1%,38.6%,-0.1228
3-1-01,46.0%,20.3%,33.8%,0.1217
3-8-01,31.6%,36.7%,31.6%,0
3-15-01,30.9%,32.7%,36.4%,-0.0545
3-22-01,27.8%,25.0%,47.2%,-0.1944
3-29-01,37.3%,35.3%,27.5%,0.098
4-5-01,35.1%,26.1%,38.7%,-0.036
4-12-01,30.3%,28.8%,40.9%,-0.1061
4-19-01,43.8%,25.0%,31.3%,0.125
4-26-01,46.6%,22.4%,31.0%,0.1552
5-3-01,63.5%,14.9%,21.6%,0.4189
5-10-01,53.3%,28.9%,17.8%,0.3555
5-17-01,51.8%,29.4%,18.8%,0.3294
5-24-01,61.9%,21.4%,16.7%,0.4523
5-31-01,49.4%,22.1%,28.6%,0.2078
6-7-01,42.6%,31.9%,25.5%,0.1702
6-14-01,30.5%,47.5%,22.0%,0.0848
6-21-01,33.3%,43.3%,23.3%,0.1
6-28-01,30.4%,36.7%,32.9%,-0.0253
7-5-01,40.7%,40.7%,18.5%,0.2222
7-12-01,25.3%,38.5%,36.3%,-0.1099
7-19-01,50.0%,34.8%,15.2%,0.3478
7-26-01,29.5%,32.4%,38.1%,-0.0858
8-2-01,36.4%,27.3%,36.4%,0
8-9-01,34.9%,37.4%,27.7%,0.0723
8-16-01,35.4%,27.1%,37.5%,-0.0208
8-23-01,34.5%,34.5%,31.0%,0.0345
8-30-01,31.4%,45.7%,22.9%,0.0857
9-6-01,30.3%,36.0%,33.7%,-0.0337
9-13-01,26.7%,36.7%,36.7%,-0.1
9-20-01,31.1%,24.3%,44.6%,-0.1351
9-27-01,51.1%,26.7%,22.2%,0.2889
10-4-01,51.2%,19.5%,29.3%,0.2195
10-11-01,47.4%,24.6%,28.1%,0.193
10-18-01,60.6%,18.3%,21.1%,0.3943
10-25-01,55.9%,26.5%,17.7%,0.3823
11-1-01,35.0%,31.7%,33.3%,0.0167
11-8-01,34.6%,23.1%,42.3%,-0.0769
11-15-01,45.5%,21.2%,33.3%,0.1212
11-22-01,58.3%,16.7%,25.0%,0.3333
11-29-01,69.3%,10.7%,20.0%,0.4933
12-6-01,59.2%,16.3%,24.5%,0.3469
12-13-01,61.4%,24.6%,14.0%,0.4736
12-20-01,52.5%,21.3%,26.2%,0.2623
12-27-01,57.7%,15.4%,26.9%,0.3077
1-3-02,51.1%,24.4%,24.4%,0.2667
1-10-02,54.8%,23.3%,21.9%,0.3287
1-17-02,29.6%,40.9%,29.6%,0
1-24-02,34.7%,34.7%,30.6%,0.0408
1-31-02,45.5%,31.8%,22.7%,0.2272
2-7-02,37.5%,39.6%,22.9%,0.1457
2-14-02,45.2%,38.7%,16.1%,0.2903
2-21-02,36.4%,38.2%,25.5%,0.1091
2-28-02,44.4%,35.2%,20.4%,0.2407
3-7-02,53.3%,31.1%,15.6%,0.3778
3-14-02,56.5%,29.0%,14.5%,0.4193
3-21-02,53.2%,35.5%,11.3%,0.4194
3-28-02,51.2%,25.6%,23.3%,0.279
4-4-02,40.5%,39.3%,20.2%,0.2024
4-11-02,28.2%,38.5%,33.3%,-0.0512
4-18-02,40.2%,36.6%,23.2%,0.1703
4-25-02,36.7%,40.0%,23.3%,0.1334
5-2-02,27.0%,39.6%,33.3%,-0.063
5-9-02,30.3%,29.0%,40.8%,-0.1053
5-16-02,36.8%,34.9%,28.3%,0.0849
5-23-02,26.2%,33.3%,40.5%,-0.1429
5-29-02,28.3%,31.5%,40.2%,-0.1196
6-6-02,32.8%,27.9%,39.3%,-0.0655
6-13-02,31.8%,34.6%,33.6%,-0.0182
6-20-02,45.7%,28.6%,25.7%,0.2
6-27-02,31.0%,23.0%,46.0%,-0.1505
7-3-02,26.6%,26.6%,46.9%,-0.2032
7-11-02,35.1%,22.7%,42.3%,-0.0722
7-18-02,26.3%,20.0%,53.8%,-0.275
7-25-02,27.9%,23.3%,48.8%,-0.2093
8-1-02,34.2%,34.2%,31.6%,0.0263
8-8-02,37.7%,23.0%,39.3%,-0.0164
8-15-02,37.9%,20.7%,41.4%,-0.0345
8-22-02,43.8%,16.7%,39.6%,0.0417
8-29-02,50.0%,21.0%,29.0%,0.2097
9-5-02,31.5%,18.5%,50.0%,-0.1852
9-12-02,38.4%,24.7%,37.0%,0.0137
9-19-02,33.8%,23.0%,43.2%,-0.0946
9-26-02,24.5%,28.4%,47.1%,-0.2255
10-3-02,35.2%,16.9%,47.9%,-0.1268
10-10-02,28.9%,16.4%,54.8%,-0.2596
10-17-02,39.5%,21.1%,39.5%,0
10-24-02,44.6%,21.7%,33.7%,0.1085
10-31-02,51.5%,20.6%,27.9%,0.2353
11-7-02,50.0%,23.7%,26.3%,0.2368
11-14-02,48.7%,18.9%,32.4%,0.1622
11-21-02,50.6%,28.1%,21.4%,0.2921
11-28-02,51.1%,17.0%,31.9%,0.1915
12-5-02,52.9%,29.4%,17.7%,0.3529
12-12-02,41.4%,34.5%,24.1%,0.1724
12-19-02,42.9%,27.1%,30.0%,0.1286
12-26-02,40.0%,28.0%,32.0%,0.08
1-2-03,32.4%,29.7%,37.8%,-0.0541
1-9-03,38.1%,19.1%,42.9%,-0.0476
1-16-03,29.2%,41.7%,29.2%,0
1-23-03,25.0%,31.8%,43.2%,-0.1818
1-30-03,25.5%,26.6%,47.9%,-0.2234
2-6-03,22.9%,51.4%,25.7%,-0.0285
2-13-03,21.9%,40.0%,38.1%,-0.162
2-20-03,21.1%,21.1%,57.9%,-0.3684
2-27-03,26.0%,26.8%,47.2%,-0.2113
3-6-03,33.3%,27.3%,39.4%,-0.0606
3-13-03,34.3%,14.3%,51.4%,-0.1714
3-20-03,42.9%,19.1%,38.1%,0.0476
3-27-03,39.4%,27.9%,32.7%,0.0673
4-3-03,32.4%,29.4%,38.2%,-0.0589
4-10-03,38.5%,30.8%,30.8%,0.0769
4-17-03,46.3%,22.2%,31.5%,0.1482
4-24-03,63.0%,18.0%,19.0%,0.44
5-1-03,48.6%,25.7%,25.7%,0.2286
5-8-03,52.8%,28.8%,18.4%,0.344
5-15-03,62.8%,20.9%,16.3%,0.4651
5-22-03,38.5%,26.0%,35.6%,0.0288
5-29-03,62.9%,22.9%,14.3%,0.4857
6-5-03,52.0%,28.8%,19.2%,0.328
6-12-03,50.0%,20.8%,29.2%,0.2083
6-19-03,56.4%,7.7%,35.9%,0.2051
6-26-03,71.4%,20.0%,8.6%,0.6286
7-3-03,41.2%,23.5%,35.3%,0.0589
7-10-03,43.2%,25.7%,31.1%,0.1216
7-17-03,51.3%,20.2%,28.6%,0.2269
7-24-03,52.0%,17.3%,30.7%,0.2133
7-31-03,51.5%,32.3%,16.2%,0.3539
8-7-03,45.5%,22.1%,32.5%,0.1298
8-14-03,50.6%,25.8%,23.6%,0.2696
8-21-03,63.0%,18.5%,18.5%,0.4444
8-28-03,56.7%,20.6%,22.7%,0.3402
9-4-03,62.3%,21.3%,16.4%,0.4591
9-11-03,58.1%,24.4%,17.4%,0.407
9-18-03,62.8%,17.7%,19.6%,0.4314
9-25-03,57.3%,20.4%,22.3%,0.3495
10-2-03,50.0%,21.4%,28.6%,0.2143
10-9-03,57.6%,19.2%,23.2%,0.3435
10-16-03,60.3%,25.9%,13.8%,0.4655
10-23-03,52.8%,30.6%,16.7%,0.3611
10-30-03,57.8%,23.4%,18.8%,0.3906
11-6-03,57.6%,25.8%,16.7%,0.4091
11-13-03,53.3%,32.2%,14.4%,0.3889
11-20-03,53.2%,25.8%,21.0%,0.3226
11-27-03,60.4%,18.9%,20.8%,0.3963
12-4-03,69.4%,16.2%,14.4%,0.5496
12-11-03,55.3%,23.7%,21.1%,0.3421
12-18-03,60.2%,20.4%,19.4%,0.4081
12-26-03,65.5%,17.2%,17.2%,0.4828
1-1-04,62.4%,24.1%,13.5%,0.4893
1-8-04,67.2%,14.9%,17.9%,0.4925
1-15-04,66.3%,23.6%,10.1%,0.5618
1-22-04,69.5%,17.1%,13.4%,0.561
1-29-04,56.9%,28.1%,15.0%,0.4188
2-5-04,50.9%,27.3%,21.8%,0.2909
2-12-04,56.1%,29.3%,14.6%,0.4147
2-19-04,56.5%,22.6%,21.0%,0.3548
2-26-04,41.6%,27.9%,30.5%,0.1105
3-4-04,47.8%,39.1%,13.0%,0.3479
3-11-04,41.3%,25.2%,33.6%,0.0774
3-18-04,38.6%,35.1%,26.3%,0.1228
3-25-04,31.5%,25.9%,42.6%,-0.1111
4-1-04,55.2%,22.4%,22.4%,0.3276
4-8-04,58.8%,21.0%,20.3%,0.3851
4-15-04,63.8%,22.5%,13.8%,0.5
4-22-04,50.0%,27.5%,22.5%,0.275
4-29-04,50.0%,28.8%,21.2%,0.2879
5-6-04,39.0%,33.9%,27.1%,0.1186
5-13-04,32.9%,23.7%,43.4%,-0.1053
5-20-04,36.7%,23.3%,40.0%,-0.0333
5-27-04,36.1%,23.6%,40.3%,-0.0417
6-3-04,33.3%,40.5%,26.2%,0.0714
6-10-04,55.3%,29.0%,15.8%,0.3947
6-17-04,41.4%,30.5%,28.1%,0.1328
6-24-04,56.4%,20.5%,23.1%,0.3333
7-1-04,57.0%,27.3%,15.8%,0.4121
7-8-04,55.1%,23.5%,21.4%,0.3367
7-15-04,47.4%,29.0%,23.7%,0.2369
7-22-04,35.7%,40.5%,23.8%,0.119
7-29-04,34.0%,30.0%,36.0%,-0.02
8-5-04,31.0%,35.2%,33.8%,-0.0281
8-12-04,38.6%,21.4%,40.0%,-0.0143
8-19-04,34.9%,30.2%,34.9%,0
8-26-04,41.5%,33.1%,25.4%,0.1611
9-2-04,41.5%,30.2%,28.3%,0.1321
9-9-04,50.5%,25.7%,23.8%,0.2674
9-16-04,45.5%,22.7%,31.8%,0.1363
9-23-04,51.2%,22.0%,26.8%,0.244
9-30-04,41.1%,19.6%,39.3%,0.0178
10-7-04,56.9%,23.4%,19.7%,0.3722
10-14-04,44.7%,27.1%,28.2%,0.1647
10-21-04,42.5%,28.8%,28.8%,0.1372
10-28-04,42.3%,26.0%,31.7%,0.1058
11-4-04,57.1%,20.0%,22.9%,0.3428
11-11-04,62.5%,15.9%,21.6%,0.4091
11-18-04,64.1%,13.5%,22.4%,0.4166
11-24-04,49.5%,23.7%,26.8%,0.2268
12-2-04,56.8%,17.8%,25.4%,0.3135
12-9-04,51.4%,23.4%,25.2%,0.2612
12-16-04,52.5%,28.3%,19.2%,0.3334
12-23-04,60.2%,21.6%,18.2%,0.4205
12-30-04,57.7%,24.8%,17.5%,0.4014
1-6-05,38.1%,27.4%,34.5%,0.0358
1-13-05,34.0%,26.1%,39.9%,-0.0588
1-20-05,33.7%,32.7%,33.7%,0
1-27-05,26.4%,37.1%,36.4%,-0.1
2-3-05,41.7%,33.3%,25.0%,0.1667
2-10-05,43.8%,33.3%,22.9%,0.2083
2-17-05,36.4%,33.8%,29.9%,0.0649
2-24-05,31.8%,36.4%,31.8%,0
3-3-05,39.5%,33.3%,27.2%,0.1235
3-10-05,49.7%,25.5%,24.8%,0.2483
3-17-05,32.5%,35.1%,32.5%,0
3-24-05,23.2%,34.8%,41.9%,-0.1871
3-31-05,28.4%,20.6%,51.0%,-0.2255
4-7-05,27.7%,28.4%,43.9%,-0.1613
4-14-05,16.5%,41.8%,41.8%,-0.2528
4-21-05,36.8%,30.3%,32.9%,0.0395
4-28-05,29.8%,35.5%,34.7%,-0.0496
5-5-05,28.6%,26.5%,44.9%,-0.1633
5-12-05,30.5%,33.1%,36.4%,-0.0584
5-19-05,38.92%,32.43%,28.65%,0.1027
5-26-05,44.14%,32.43%,23.42%,0.2072
6-2-05,48.61%,31.94%,19.44%,0.2917
6-9-05,45.98%,34.48%,19.54%,0.2644
6-16-05,48.05%,33.12%,18.83%,0.2922
6-23-05,46.59%,35.23%,18.18%,0.2841
6-30-05,45.89%,24.66%,29.45%,0.1644
7-7-05,43.01%,36.56%,20.43%,0.225807
7-14-05,57.89%,28.07%,14.04%,0.4385
7-21-05,41.18%,31.37%,27.45%,0.1373
7-28-05,57.52%,24.84%,17.65%,0.3987
8-4-05,47.83%,26.09%,26.09%,0.2174
8-11-05,39.74%,31.41%,28.85%,0.1089
8-18-05,29.29%,30.30%,40.40%,-0.1111
8-25-05,36.14%,32.53%,31.33%,0.0481
9-1-05,31.76%,30.59%,37.65%,-0.0589
9-8-05,42.31%,25.00%,32.69%,0.0962
9-15-05,51.43%,20.00%,28.57%,0.2286
9-22-05,39.47%,28.07%,32.46%,0.0701
9-29-05,31.88%,28.99%,39.13%,-0.0725
10-6-05,50.00%,22.58%,27.42%,0.2258
10-13-05,38.96%,12.99%,48.05%,-0.0909
10-20-05,43.11%,20.96%,35.93%,0.0718
10-27-05,32.05%,21.79%,46.15%,-0.141
11-3-05,42.95%,29.49%,27.56%,0.1539
11-10-05,58.62%,18.39%,22.99%,0.3563
11-17-05,53.63%,24.58%,21.79%,0.3184
11-24-05,57.33%,26.67%,16.00%,0.4133
12-1-05,52.47%,24.07%,23.46%,0.2901
12-8-05,49.47%,31.58%,18.95%,0.3052
12-15-05,46.15%,31.73%,22.12%,0.2403
12-22-05,41.03%,30.77%,28.21%,0.1282
12-29-05,37.30%,26.19%,36.51%,0.0079
1-5-06,29.35%,30.43%,40.22%,-0.1087
1-12-06,58.96%,21.97%,19.08%,0.3988
1-19-06,50.00%,24.17%,25.83%,0.2417
1-26-06,30.77%,35.90%,33.33%,-0.0256
2-2-06,44.70%,21.97%,33.33%,0.1137
2-9-06,40.19%,25.23%,34.58%,0.0561
2-16-06,40.18%,24.11%,35.71%,0.0447
2-23-06,43.21%,28.40%,28.40%,0.1481
3-2-06,40.94%,29.92%,29.13%,0.1181
3-9-06,41.21%,28.02%,30.77%,0.1044
3-16-06,46.55%,20.69%,32.76%,0.1379
3-23-06,43.75%,28.75%,27.50%,0.1625
3-30-06,37.21%,30.23%,32.56%,0.0465
4-6-06,47.67%,29.07%,23.26%,0.2441
4-13-06,45.36%,26.80%,27.84%,0.1752
4-20-06,33.73%,25.44%,40.83%,-0.071
4-27-06,42.11%,21.93%,35.96%,0.0615
5-4-06,45.89%,20.55%,33.56%,0.1233
5-11-06,54.90%,17.65%,27.45%,0.2745
5-18-06,39.39%,16.97%,43.64%,-0.0425
5-25-06,33.04%,21.43%,45.54%,-0.125
6-1-06,30.77%,19.23%,50.00%,-0.1923
6-8-06,26.23%,28.69%,45.08%,-0.1885
6-15-06,26.41%,18.61%,54.98%,-0.2857
6-22-06,34.40%,24.00%,41.60%,-0.072
6-29-06,38.60%,21.64%,39.77%,-0.0117
7-6-06,37.70%,19.67%,42.62%,-0.0492
7-13-06,36.50%,24.09%,39.42%,-0.0292
7-20-06,23.85%,18.35%,57.80%,-0.3395
7-27-06,34.88%,22.09%,43.02%,-0.0814
8-3-06,31.46%,21.35%,47.19%,-0.1573
8-10-06,36.59%,21.95%,41.46%,-0.0487
8-17-06,30.53%,33.68%,35.79%,-0.0526
8-24-06,39.35%,23.23%,37.42%,0.0193
8-31-06,41.57%,32.58%,25.84%,0.1573
9-7-06,42.99%,27.10%,29.91%,0.1308
9-14-06,47.95%,13.70%,38.36%,0.0959
9-21-06,47.75%,18.02%,34.23%,0.1352
9-28-06,51.32%,15.79%,32.89%,0.1843
10-5-06,37.78%,15.56%,46.67%,-0.0889
10-12-06,48.98%,13.27%,37.76%,0.1122
10-19-06,54.20%,16.03%,29.77%,0.2443
10-26-06,52.17%,17.39%,30.43%,0.2174
11-2-06,43.75%,19.38%,36.88%,0.0687
11-9-06,50.60%,22.89%,26.51%,0.2409
11-16-06,46.56%,22.90%,30.53%,0.1603
11-23-06,41.94%,16.13%,41.94%,0
11-30-06,40.22%,12.29%,47.49%,-0.0727
12-7-06,38.94%,19.47%,41.59%,-0.0265
12-14-06,41.33%,20.67%,38.00%,0.0333
12-21-06,39.08%,18.39%,42.53%,-0.0345
12-28-06,46.00%,18.00%,36.00%,0.1
1-4-07,49.14%,21.55%,29.31%,0.1983
1-11-07,44.44%,21.30%,34.26%,0.1018
1-18-07,57.78%,15.15%,27.27%,0.3051
1-25-07,39.51%,27.16%,33.33%,0.0618
2-1-07,46.32%,23.16%,30.53%,0.1579
2-8-07,46.15%,23.85%,30.00%,0.1615
2-15-07,47.57%,21.36%,31.07%,0.165
2-22-07,53.85%,23.85%,22.31%,0.3154
3-1-07,36.63%,23.76%,39.60%,-0.0297
3-8-07,35.80%,19.32%,44.89%,-0.0909
3-15-07,32.99%,21.65%,45.36%,-0.1237
3-22-07,43.88%,23.02%,33.09%,0.1079
3-29-07,42.68%,31.71%,25.61%,0.1707
4-5-07,32.26%,27.96%,39.78%,-0.0752
4-12-07,40.85%,21.13%,38.03%,0.0282
4-19-07,46.94%,23.47%,29.59%,0.1735
4-26-07,39.24%,22.78%,37.97%,0.0127
5-3-07,28.57%,17.14%,54.29%,-0.2572
5-10-07,42.86%,14.29%,42.86%,0
5-17-07,38.39%,25.00%,36.61%,0.0178
5-24-07,37.35%,24.10%,38.55%,-0.012
5-31-07,33.33%,21.88%,44.79%,-0.1146
6-7-07,40.59%,16.83%,42.57%,-0.0198
6-14-07,37.30%,19.05%,43.65%,-0.0635
6-21-07,43.16%,23.16%,33.68%,0.0948
6-28-07,39.02%,25.20%,35.77%,0.0325
7-5-07,43.84%,23.29%,32.88%,0.1096
7-12-07,43.64%,26.36%,30.00%,0.1364
7-19-07,41.77%,21.52%,36.71%,0.0506
7-26-07,44.21%,18.95%,36.84%,0.0737
8-2-07,45.88%,14.12%,40.00%,0.0588
8-9-07,45.76%,15.25%,38.98%,0.0678
8-16-07,42.22%,12.22%,45.56%,-0.0334
8-23-07,41.28%,15.60%,43.12%,-0.0184
8-30-07,40.30%,13.43%,46.27%,-0.0597
9-6-07,38.38%,19.19%,42.42%,-0.0404
9-13-07,40.00%,24.71%,35.29%,0.0471
9-20-07,39.24%,29.11%,31.65%,0.0759
9-27-07,49.37%,16.46%,34.18%,0.1519
10-4-07,51.81%,22.89%,25.30%,0.2651
10-11-07,54.64%,19.59%,25.77%,0.2887
10-18-07,41.96%,22.32%,35.71%,0.0625
10-25-07,31.25%,20.54%,48.21%,-0.1696
11-1-07,44.71%,18.82%,36.47%,0.0824
11-8-07,36.19%,12.38%,51.43%,-0.1524
11-15-07,33.01%,17.48%,49.51%,-0.165
11-22-07,25.58%,21.71%,52.71%,-0.2713
11-29-07,28.57%,15.31%,56.12%,-0.2755
12-6-07,40.65%,19.51%,39.84%,0.0081
12-13-07,47.62%,16.67%,35.71%,0.1191
12-20-07,35.85%,16.98%,47.17%,-0.1132
12-27-07,30.00%,20.00%,50.00%,-0.2
1-3-08,25.71%,19.05%,55.24%,-0.2953
1-10-08,19.63%,21.50%,58.88%,-0.3925
1-17-08,24.30%,21.30%,54.44%,-0.3014
1-24-08,25.14%,15.85%,59.02%,-0.3388
1-31-08,30.08%,21.05%,48.87%,-0.1879
2-7-08,34.11%,18.69%,47.20%,-0.1309
2-14-08,33.33%,24.81%,41.86%,-0.0853
2-21-08,33.18%,22.12%,44.70%,-0.1152
2-28-08,34.31%,20.44%,45.26%,-0.1095
3-6-08,21.98%,26.37%,51.65%,-0.2967
3-13-08,20.42%,20.42%,59.15%,-0.3873
3-20-08,25.21%,20.51%,54.27%,-0.2906
3-27-08,41.60%,24.80%,33.60%,0.08
4-3-08,36.70%,23.94%,39.36%,-0.0266
4-10-08,45.76%,16.95%,37.29%,0.0847
4-17-08,30.37%,20.94%,48.69%,-0.1832
4-24-08,46.67%,25.83%,27.50%,0.1917
5-1-08,53.29%,20.39%,26.32%,0.2697
5-8-08,52.81%,22.47%,24.72%,0.2809
5-15-08,45.16%,25.16%,29.68%,0.1548
5-22-08,46.30%,19.44%,34.26%,0.1204
5-29-08,31.36%,22.88%,45.76%,-0.144
6-5-08,43.48%,18.48%,38.04%,0.0544
6-12-08,31.25%,15.18%,53.57%,-0.2232
6-19-08,32.98%,21.28%,45.74%,-0.1276
6-26-08,31.25%,16.48%,52.27%,-0.2102
7-3-08,23.93%,23.93%,52.14%,-0.2821
7-10-08,22.17%,22.66%,55.17%,-0.33
7-17-08,25.00%,16.86%,58.14%,-0.3314
7-24-08,35.82%,20.14%,44.03%,-0.0821
7-31-08,40.00%,18.82%,41.18%,-0.0118
8-7-08,35.61%,21.97%,42.42%,-0.0681
8-14-08,42.86%,18.18%,38.96%,0.039
8-21-08,38.10%,24.60%,37.30%,0.008
8-28-08,30.68%,23.86%,45.45%,-0.1477
9-4-08,37.04%,19.75%,43.21%,-0.0617
9-11-08,29.27%,15.85%,54.88%,-0.2561
9-18-08,27.21%,18.37%,54.42%,-0.2721
9-25-08,34.04%,20.21%,45.74%,-0.117
10-2-08,33.33%,11.67%,55.00%,-0.2167
10-9-08,31.47%,7.69%,60.84%,-0.2937
10-16-08,40.94%,19.30%,39.77%,0.0117
10-23-08,38.74%,22.52%,38.74%,0
10-30-08,37.14%,22.29%,40.57%,-0.0343
11-6-08,44.83%,21.84%,33.33%,0.115
11-13-08,38.33%,19.17%,42.50%,-0.0417
11-20-08,24.37%,18.49%,57.14%,-0.3277
11-27-08,31.25%,23.86%,44.89%,-0.1364
12-4-08,26.67%,25.56%,47.78%,-0.2111
12-11-08,37.50%,22.66%,39.84%,-0.0234
12-18-08,39.73%,24.66%,35.62%,0.0411
12-25-08,28.95%,27.19%,43.86%,-0.1491
1-1-09,24.00%,21.33%,54.67%,-0.3067
1-8-09,48.70%,16.23%,35.06%,0.1364
1-15-09,27.63%,25.00%,47.37%,-0.1974
1-22-09,27.21%,26.47%,46.32%,-0.1911
1-29-09,25.27%,27.47%,47.25%,-0.2198
2-5-09,24.63%,31.34%,44.03%,-0.194
2-12-09,32.91%,27.85%,39.24%,-0.0633
2-19-09,21.64%,21.64%,56.72%,-0.3508
2-26-09,24.30%,20.56%,55.14%,-0.3084
3-5-09,18.92%,10.81%,70.27%,-0.5135
3-12-09,27.64%,17.89%,54.47%,-0.2683
3-19-09,45.06%,16.67%,38.27%,0.0679
3-26-09,39.13%,18.48%,42.39%,-0.0326
4-2-09,42.66%,20.28%,37.06%,0.056
4-9-09,35.71%,20.00%,44.29%,-0.0858
4-16-09,44.14%,20.00%,35.86%,0.0828
4-23-09,31.82%,29.55%,38.64%,-0.0682
4-30-09,36.09%,20.30%,43.61%,-0.0752
5-7-09,44.09%,22.58%,33.33%,0.1076
5-14-09,43.81%,20.95%,35.24%,0.0857
5-21-09,33.72%,20.93%,45.35%,-0.1163
5-28-09,40.37%,11.01%,48.62%,-0.0825
6-4-09,47.56%,15.85%,36.59%,0.1097
6-11-09,39.25%,21.50%,39.25%,0
6-18-09,33.33%,20.24%,46.43%,-0.131
6-25-09,28.00%,23.20%,48.80%,-0.208
7-2-09,37.84%,17.57%,44.59%,-0.0675
7-9-09,27.91%,17.44%,54.65%,-0.2674
7-16-09,28.68%,24.26%,47.06%,-0.1838
7-23-09,37.60%,20.00%,42.40%,-0.048
7-30-09,47.67%,20.93%,31.40%,0.1627
8-6-09,50.00%,14.84%,35.16%,0.1484
8-13-09,51.00%,16.00%,33.00%,0.18
8-20-09,34.07%,25.93%,40.00%,-0.0593
8-27-09,33.98%,17.48%,48.54%,-0.1456
9-3-09,37.97%,24.05%,37.97%,0
9-10-09,37.33%,18.67%,44.00%,-0.0667
9-17-09,42.14%,17.86%,40.00%,0.0214
9-24-09,39.09%,16.36%,44.55%,-0.0546
10-1-09,43.55%,20.97%,35.48%,0.0807
10-8-09,35.09%,23.68%,41.23%,-0.0614
10-15-09,47.30%,18.92%,33.78%,0.1352
10-22-09,40.48%,23.81%,35.71%,0.0477
10-29-09,33.65%,24.04%,42.31%,-0.0866
11-5-09,22.22%,22.22%,55.56%,-0.3334
11-12-09,38.60%,22.80%,38.60%,0
11-19-09,42.73%,25.45%,31.82%,0.1091
11-26-09,41.66%,16.66%,41.66%,0
12-3-09,41.58%,24.75%,33.66%,0.0792
12-10-09,42.68%,21.95%,35.37%,0.0731
12-17-09,42.11%,29.47%,28.42%,0.1369
12-24-09,37.68%,24.64%,37.68%,0
12-31-09,49.18%,27.87%,22.95%,0.2623
1-7-10,41.00%,33.00%,26.00%,0.15
1-14-10,47.44%,25.64%,26.92%,0.2052
1-21-10,40.00%,25.26%,34.74%,0.0526
1-28-10,35.00%,28.33%,36.67%,-0.0167
2-4-10,29.23%,27.69%,43.08%,-0.1385
2-11-10,36.75%,21.37%,41.88%,-0.0513
2-18-10,35.85%,28.93%,35.22%,0.0063
2-25-10,34.89%,35.57%,29.53%,0.0536
3-4-10,35.86%,37.93%,26.21%,0.0965
3-11-10,45.29%,29.41%,25.29%,0.2
3-18-10,35.37%,34.76%,29.88%,0.0549
3-25-10,32.39%,32.95%,34.66%,-0.0227
4-1-10,41.30%,27.54%,31.16%,0.1014
4-8-10,42.86%,26.79%,30.36%,0.125
4-15-10,48.48%,21.82%,29.70%,0.1878
4-22-10,38.12%,27.62%,34.25%,0.0387
4-29-10,41.36%,30.00%,28.64%,0.1272
5-6-10,39.13%,32.30%,28.57%,0.1056
5-13-10,36.60%,26.80%,36.60%,0
5-20-10,41.30%,25.00%,33.70%,0.076
5-27-10,29.83%,19.30%,50.88%,-0.2105
6-3-10,37.09%,22.07%,40.85%,-0.0376
6-10-10,34.48%,22.41%,43.10%,-0.0862
6-17-10,42.45%,26.89%,30.66%,0.1179
6-24-10,34.46%,33.11%,32.43%,0.0203
7-1-10,24.68%,33.33%,41.99%,-0.1731
7-8-10,20.94%,21.99%,57.07%,-0.3613
7-15-10,39.37%,22.84%,37.80%,0.0157
7-22-10,32.16%,22.81%,45.03%,-0.1287
7-29-10,40.00%,26.67%,33.33%,0.0667
8-5-10,30.39%,31.37%,38.24%,-0.0785
8-12-10,39.76%,30.12%,30.12%,0.0964
8-19-10,30.11%,27.42%,42.47%,-0.1236
8-26-10,20.74%,29.79%,49.47%,-0.2873
9-2-10,30.80%,27.00%,42.21%,-0.1141
9-9-10,43.87%,24.51%,31.61%,0.1226
9-16-10,50.89%,24.85%,24.26%,0.2663
9-23-10,44.97%,29.63%,25.40%,0.1957
9-30-10,42.53%,25.86%,31.61%,0.1092
10-7-10,49.03%,23.23%,27.74%,0.2129
10-14-10,47.10%,26.09%,26.81%,0.2029
10-21-10,49.62%,25.19%,25.19%,0.2443
10-28-10,51.23%,27.16%,21.60%,0.2963
11-4-10,48.23%,21.99%,29.79%,0.1844
11-11-10,57.56%,13.95%,28.49%,0.2907
11-18-10,40.00%,27.50%,32.50%,0.075
11-25-10,47.40%,27.92%,24.68%,0.2272
12-2-10,49.66%,24.14%,26.21%,0.2345
12-9-10,53.05%,24.39%,22.56%,0.3049
12-16-10,50.23%,22.62%,27.15%,0.2308
12-23-10,63.28%,20.31%,16.40%,0.4688
12-30-10,51.61%,28.34%,20.05%,0.3156
1-6-11,55.88%,25.86%,18.25%,0.3763
1-13-11,52.34%,24.22%,23.44%,0.289
1-20-11,50.75%,20.15%,29.10%,0.2165
1-27-11,42.04%,23.67%,34.29%,0.0775
2-3-11,51.54%,21.59%,26.87%,0.2467
2-10-11,49.40%,23.69%,26.91%,0.2249
2-17-11,46.58%,27.85%,25.57%,0.2101
2-24-11,36.63%,27.23%,36.14%,0.0049
3-3-11,36.79%,30.05%,33.16%,0.0363
3-10-11,35.97%,31.71%,32.32%,0.0365
3-17-11,28.49%,31.39%,40.12%,-0.1163
3-24-11,37.74%,27.27%,34.97%,0.0277
3-31-11,41.81%,27.12%,31.07%,0.1074
4-7-11,43.59%,27.56%,28.85%,0.1474
4-14-11,42.25%,26.76%,30.99%,0.1126
4-21-11,32.16%,36.84%,30.99%,0.0117
4-28-11,37.90%,31.45%,30.65%,0.0725
5-5-11,35.46%,32.67%,31.87%,0.0359
5-12-11,30.77%,33.73%,35.50%,-0.0473
5-19-11,26.69%,32.02%,41.29%,-0.146
5-26-11,25.61%,32.97%,41.42%,-0.1581
6-2-11,30.18%,36.39%,33.43%,-0.0325
6-9-11,24.42%,27.91%,47.67%,-0.2325
6-16-11,29.00%,28.25%,42.75%,-0.1375
6-23-11,37.46%,26.80%,35.74%,0.0172
6-30-11,38.31%,31.49%,30.19%,0.0812
7-7-11,41.77%,33.54%,24.68%,0.1709
7-14-11,39.31%,31.45%,29.25%,0.1006
7-21-11,39.86%,29.54%,30.61%,0.0925
7-28-11,37.84%,30.74%,31.42%,0.0642
8-4-11,27.16%,22.99%,49.85%,-0.2269
8-11-11,33.43%,21.79%,44.78%,-0.1135
8-18-11,35.56%,24.62%,39.82%,-0.0426
8-25-11,36.44%,22.60%,40.96%,-0.0452
9-1-11,38.62%,29.04%,32.34%,0.0628
9-8-11,30.22%,29.50%,40.29%,-0.1007
9-15-11,30.50%,28.15%,41.35%,-0.1085
9-22-11,25.33%,26.67%,48.00%,-0.2267
9-29-11,32.51%,20.68%,46.79%,-0.1428
10-6-11,35.23%,19.04%,45.71%,-0.1048
10-13-11,39.77%,23.86%,36.36%,0.0341
10-20-11,35.98%,29.41%,34.60%,0.0138
10-27-11,43.00%,32.00%,25.00%,0.18
11-3-11,40.18%,30.20%,29.62%,0.1056
11-10-11,44.73%,30.70%,24.56%,0.2017
11-17-11,41.93%,27.01%,31.04%,0.1089
11-24-11,32.71%,29.01%,38.27%,-0.0556
12-1-11,33.04%,27.53%,39.42%,-0.0638
12-8-11,38.57%,26.66%,34.76%,0.0381
12-15-11,40.18%,26.16%,33.64%,0.0654
12-22-11,33.73%,38.04%,28.24%,0.0549
12-29-11,40.60%,28.57%,30.83%,0.09773
1-5-12,48.88%,33.95%,17.16%,0.3172
1-12-12,49.14%,33.68%,17.18%,0.3196
1-19-12,47.23%,29.15%,23.61%,0.2362
1-26-12,48.40%,32.69%,18.91%,0.294874
2-2-12,43.81%,31.12%,25.08%,0.18731
2-9-12,51.64%,28.17%,20.19%,0.31456
2-16-12,42.71%,30.65%,26.63%,0.1608
2-23-12,43.69%,28.80%,27.51%,0.16181
3-1-12,44.51%,28.66%,26.83%,0.17683
3-8-12,42.38%,28.62%,29.00%,0.13383
3-15-12,45.61%,27.20%,27.20%,0.1841
3-22-12,42.38%,29.80%,27.81%,0.145695
3-29-12,42.47%,32.05%,25.48%,0.1699
4-5-12,38.17%,34.02%,27.80%,0.103735
4-12-12,28.14%,30.30%,41.56%,-0.134199
4-19-12,31.18%,34.98%,33.84%,-0.026616
4-26-12,27.64%,34.96%,37.40%,-0.097561
5-3-12,35.40%,36.13%,28.47%,0.069343
5-10-12,25.40%,32.54%,42.06%,-0.166667
5-17-12,23.58%,30.45%,45.97%,-0.22388
5-24-12,30.47%,30.86%,38.67%,-0.082031
5-31-12,28.02%,29.96%,42.02%,-0.140077
6-7-12,27.45%,26.80%,45.75%,-0.183006
6-14-12,34.04%,30.18%,35.79%,-0.017544
6-21-12,32.89%,31.23%,35.88%,-0.0299
6-28-12,28.67%,26.96%,44.37%,-0.156997
7-5-12,32.64%,34.03%,33.33%,-0.0069
7-12-12,30.23%,35.05%,34.73%,-0.045016
7-19-12,22.19%,36.02%,41.79%,-0.195967
7-26-12,28.12%,28.75%,43.13%,-0.15016
8-2-12,30.45%,34.63%,34.93%,-0.044776
8-9-12,36.47%,36.18%,27.35%,0.091177
8-16-12,36.84%,35.09%,28.07%,0.087719
8-23-12,41.96%,32.17%,25.87%,0.160839
8-30-12,34.72%,32.64%,32.64%,0.020833
9-6-12,33.06%,33.88%,33.06%,0
9-13-12,36.46%,30.56%,32.99%,0.034722
9-20-12,37.50%,28.72%,33.78%,0.037162
9-27-12,36.10%,27.44%,36.46%,-0.00361
10-4-12,33.86%,32.91%,33.23%,0.00633
10-11-12,30.58%,30.58%,38.85%,-0.082734
10-18-12,28.66%,26.79%,44.55%,-0.158879
10-25-12,29.25%,27.67%,43.08%,-0.138365
11-1-12,35.74%,23.28%,40.98%,-0.052459
11-8-12,38.50%,21.60%,39.91%,-0.014084
11-15-12,28.82%,22.35%,48.82%,-0.2
11-22-12,35.82%,23.40%,40.78%,-0.049645
11-28-12,40.93%,24.71%,34.36%,0.065637
12-6-12,42.22%,23.17%,34.60%,0.07619
12-13-12,43.23%,26.69%,30.08%,0.131579
12-20-12,46.40%,28.80%,24.80%,0.216
12-27-12,44.40%,25.37%,30.22%,0.141791
1-3-13,38.71%,25.09%,36.20%,0.02509
1-10-13,46.45%,26.63%,26.92%,0.195266
1-17-13,43.94%,28.73%,27.32%,0.166198
1-24-13,52.34%,23.39%,24.27%,0.280702
1-31-13,48.04%,27.65%,24.30%,0.23743
2-7-13,42.77%,27.67%,29.56%,0.132076
2-14-13,42.25%,29.01%,28.73%,0.135211
2-21-13,41.79%,25.71%,32.50%,0.092857
2-28-13,28.39%,35.02%,36.59%,-0.082019
3-7-13,31.06%,30.43%,38.51%,-0.074534
3-14-13,45.42%,22.55%,32.03%,0.1339
3-21-13,38.94%,27.72%,33.33%,0.056106
3-28-13,38.40%,32.95%,28.65%,0.097421
4-4-13,35.49%,36.34%,28.17%,0.07324
4-11-13,19.31%,26.21%,54.48%,-0.351725
4-18-13,26.85%,24.93%,48.22%,-0.213699
4-25-13,28.29%,32.89%,38.82%,-0.105263
5-2-13,30.99%,33.10%,35.92%,-0.049296
5-9-13,40.79%,31.77%,27.44%,0.133574
5-16-13,38.49%,32.18%,29.34%,0.091483
5-23-13,48.97%,29.45%,21.58%,0.273973
5-30-13,35.97%,34.39%,29.64%,0.063241
6-6-13,29.47%,31.58%,38.95%,-0.094737
6-13-13,32.97%,32.43%,34.59%,-0.016216
6-20-13,37.45%,32.58%,29.96%,0.074907
6-27-13,30.28%,34.56%,35.17%,-0.04893
7-4-13,41.99%,34.16%,23.84%,0.181495
7-11-13,48.94%,32.77%,18.30%,0.306383
7-18-13,47.74%,31.01%,21.25%,0.264808
7-25-13,45.12%,32.32%,22.56%,0.225589
8-1-13,35.62%,39.38%,25.00%,0.106164
8-8-13,39.50%,33.86%,26.65%,0.128526
8-15-13,34.51%,37.32%,28.17%,0.06338
8-22-13,28.96%,28.19%,42.86%,-0.138996
8-29-13,33.54%,35.71%,30.75%,0.027951
9-5-13,35.53%,33.22%,31.25%,0.0428
9-12-13,45.52%,29.90%,24.58%,0.209303
9-19-13,45.11%,25.19%,29.70%,0.154136
9-26-13,36.05%,33.33%,30.61%,0.054422
10-3-13,37.84%,32.09%,30.07%,0.077702
10-10-13,41.33%,25.09%,33.58%,0.077491
10-17-13,46.28%,28.80%,24.92%,0.213592
10-24-13,49.20%,33.23%,17.57%,0.316294
10-31-13,44.97%,33.56%,21.48%,0.234899
11-7-13,45.48%,32.71%,21.81%,0.23676
11-14-13,39.20%,33.33%,27.47%,0.117284
11-21-13,34.39%,36.13%,29.48%,0.049133
11-28-13,47.30%,24.44%,28.25%,0.190476
12-5-13,42.64%,29.81%,27.55%,0.150943
12-12-13,41.27%,33.73%,25.00%,0.162651
12-19-13,47.46%,27.46%,25.08%,0.223729
12-26-13,55.06%,26.40%,18.54%,0.365169
1-2-14,43.09%,27.64%,29.27%,0.138211
1-9-14,43.62%,31.38%,25.00%,0.18617
1-16-14,38.99%,39.52%,21.49%,0.175066
1-23-14,38.12%,38.12%,23.76%,0.143603
1-30-14,32.18%,35.06%,32.76%,-0.005747
2-6-14,27.90%,35.70%,36.41%,-0.085106
2-13-14,40.15%,32.51%,27.34%,0.128079
2-20-14,42.20%,35.00%,22.80%,0.194
2-27-14,39.69%,39.18%,21.13%,0.185567
3-6-14,40.51%,32.86%,26.63%,0.13881
3-13-14,41.34%,31.84%,26.82%,0.145252
3-20-14,36.78%,37.07%,26.15%,0.106322
3-27-14,31.16%,40.23%,28.61%,0.025496
4-3-14,35.36%,37.86%,26.79%,0.085714
4-10-14,28.48%,37.42%,34.11%,-0.056292
4-17-14,27.22%,38.53%,34.25%,-0.070337
4-24-14,34.50%,39.47%,26.02%,0.084795
5-1-14,29.77%,40.78%,29.45%,0.003237
5-8-14,28.34%,42.99%,28.66%,-0.003185
5-15-14,33.12%,44.27%,22.61%,0.105095
5-22-14,30.43%,43.17%,26.40%,0.040373
5-29-14,36.46%,40.33%,23.20%,0.132597
6-5-14,39.51%,38.27%,22.22%,0.17284
6-12-14,44.69%,34.06%,21.25%,0.234375
6-19-14,35.17%,40.70%,24.13%,0.110465
6-26-14,37.22%,41.69%,21.09%,0.16129
7-3-14,38.51%,39.10%,22.39%,0.161194
7-10-14,37.64%,33.71%,28.65%,0.089887
7-17-14,32.36%,39.16%,28.48%,0.038835
7-24-14,29.63%,40.43%,29.94%,-0.003087
7-31-14,31.12%,37.76%,31.12%,0
8-7-14,30.89%,30.89%,38.23%,-0.073394
8-14-14,39.81%,33.23%,26.96%,0.128527
8-21-14,46.11%,30.24%,23.65%,0.224551
8-28-14,51.92%,28.85%,19.23%,0.326923
9-4-14,44.67%,31.36%,23.96%,0.207101
9-11-14,40.38%,33.01%,26.60%,0.13782
9-18-14,42.24%,34.78%,22.98%,0.192546
9-25-14,41.84%,29.93%,28.23%,0.136054
10-2-14,35.42%,33.68%,30.90%,0.045139
10-9-14,39.88%,29.14%,30.98%,0.088957
10-16-14,42.66%,23.64%,33.70%,0.089673
10-23-14,49.69%,27.81%,22.50%,0.271875
10-30-14,49.37%,29.56%,21.07%,0.283019
11-6-14,52.69%,32.26%,15.05%,0.376344
11-13-14,57.93%,22.76%,19.31%,0.386207
11-20-14,49.12%,27.06%,23.82%,0.252941
11-27-14,52.15%,27.06%,20.79%,0.313531
12-4-14,42.68%,31.38%,25.94%,0.167364
12-11-14,45.02%,32.65%,22.34%,0.226804
12-18-14,38.74%,34.39%,26.88%,0.118577
12-25-14,50.94%,30.19%,18.87%,0.320755
1-1-15,51.74%,28.96%,19.31%,0.324325
1-8-15,41.01%,31.30%,27.70%,0.133094
1-15-15,46.11%,32.40%,21.50%,0.246106
1-22-15,37.14%,32.06%,30.79%,0.063492
1-29-15,44.17%,33.44%,22.39%,0.217792
2-5-15,35.49%,32.08%,32.42%,0.030717
2-12-15,40.00%,39.67%,20.33%,0.196721
2-19-15,47.02%,35.10%,17.88%,0.291391
2-26-15,45.37%,34.33%,20.30%,0.250746
3-5-15,39.80%,36.84%,23.36%,0.164473
3-12-15,31.60%,43.00%,25.41%,0.061889
3-19-15,27.16%,41.36%,31.48%,-0.04321
3-26-15,38.43%,37.19%,24.38%,0.140496
4-2-15,35.40%,32.65%,31.96%,0.034364
4-9-15,28.70%,47.15%,24.15%,0.045558
4-16-15,32.07%,45.15%,22.78%,0.092827
4-23-15,31.47%,45.34%,23.19%,0.082816
4-30-15,30.84%,47.21%,21.95%,0.08885
5-7-15,27.06%,46.10%,26.84%,0.002165
5-14-15,26.74%,46.90%,26.36%,0.003876
5-21-15,25.21%,49.79%,25.00%,0.002119
5-28-15,27.00%,47.86%,25.14%,0.018622
6-4-15,27.34%,48.03%,24.63%,0.027094
6-11-15,20.04%,47.38%,32.58%,-0.125468
6-18-15,25.41%,40.29%,34.30%,-0.08893
6-25-15,35.56%,42.78%,21.67%,0.138889
7-2-15,22.61%,42.30%,35.09%,-0.124756
7-9-15,27.91%,42.92%,29.18%,-0.012685
7-16-15,30.81%,45.95%,23.24%,0.075676
7-23-15,32.54%,41.87%,25.60%,0.0694
7-30-15,21.11%,38.19%,40.70%,-0.19598
8-6-15,24.32%,44.03%,31.66%,-0.073375
8-13-15,30.45%,33.40%,36.15%,-0.056974
8-20-15,26.82%,39.85%,33.33%,-0.065134
8-27-15,32.50%,29.23%,38.27%,-0.057692
9-3-15,32.38%,35.94%,31.67%,0.007117
9-10-15,34.65%,30.34%,35.01%,-0.003591
9-17-15,33.26%,37.60%,29.13%,0.041323
9-24-15,32.12%,39.19%,28.69%,0.034261
10-1-15,28.11%,31.98%,39.92%,-0.118126
10-8-15,37.52%,34.29%,28.19%,0.093333
10-15-15,34.08%,38.78%,27.14%,0.069387
10-22-15,34.77%,41.21%,24.02%,0.107422
10-29-15,40.39%,39.02%,20.59%,0.19804
11-5-15,39.00%,42.40%,18.60%,0.204
11-12-15,34.27%,42.72%,23.00%,0.112676
11-19-15,30.77%,38.68%,30.55%,0.002197
11-26-15,32.36%,41.61%,26.03%,0.06326
12-3-15,29.49%,49.31%,21.20%,0.082949
12-10-15,28.51%,41.61%,29.89%,-0.013794
12-17-15,23.87%,36.75%,39.38%,-0.155132
12-24-15,26.38%,42.13%,31.49%,-0.051124
12-31-15,25.07%,51.31%,23.62%,0.014577
1-7-16,22.17%,39.57%,38.26%,-0.16087
1-14-16,17.90%,36.58%,45.53%,-0.276265
1-21-16,21.52%,29.77%,48.71%,-0.271845
1-28-16,29.75%,30.28%,39.96%,-0.102113
2-4-16,27.55%,37.74%,34.72%,-0.071698
2-11-16,19.24%,32.06%,48.70%,-0.294589
2-18-16,27.56%,34.64%,37.80%,-0.102421
2-25-16,31.19%,37.39%,31.42%,-0.002212
3-3-16,32.02%,38.74%,29.25%,0.027668
3-10-16,37.36%,38.27%,24.37%,0.12984
3-17-16,29.96%,43.18%,26.86%,0.030992
3-24-16,33.78%,42.51%,23.71%,0.100672
3-31-16,27.18%,47.06%,25.76%,0.014199
4-7-16,32.19%,46.35%,21.46%,0.107306
4-14-16,27.85%,47.26%,24.89%,0.029536
4-21-16,33.41%,42.67%,23.92%,0.094828
4-28-16,27.37%,44.03%,28.60%,-0.012345
5-5-16,22.33%,47.33%,30.34%,-0.080097
5-12-16,20.41%,48.30%,31.29%,-0.108843
5-19-16,19.34%,46.56%,34.10%,-0.147583
5-26-16,17.75%,52.86%,29.39%,-0.116371
6-2-16,30.17%,40.78%,29.05%,0.011173
6-9-16,27.83%,44.34%,27.83%,0
6-16-16,25.35%,37.15%,37.50%,-0.121528
6-23-16,21.97%,42.80%,35.23%,-0.132576
6-30-16,28.91%,37.67%,33.42%,-0.045093
7-7-16,31.06%,42.29%,26.65%,0.044053
7-14-16,36.87%,38.71%,24.42%,0.124424
7-21-16,35.43%,37.85%,26.72%,0.087045
7-28-16,31.25%,40.34%,28.41%,0.028409
8-4-16,29.79%,43.44%,26.77%,0.030142
8-11-16,31.29%,41.95%,26.76%,0.045351
8-18-16,35.56%,38.08%,26.36%,0.092051
8-25-16,29.42%,40.94%,29.64%,-0.002132
9-1-16,28.60%,39.87%,31.52%,-0.0292
9-8-16,29.75%,41.77%,28.48%,0.012658
9-15-16,27.94%,36.14%,35.92%,-0.079823
9-22-16,24.83%,36.89%,38.28%,-0.134571
9-29-16,24.00%,38.89%,37.11%,-0.131111
10-6-16,28.79%,43.30%,27.90%,0.008928
10-13-16,25.47%,40.80%,33.73%,-0.082547
10-20-16,23.74%,38.45%,37.82%,-0.140756
10-27-16,24.75%,41.18%,34.07%,-0.093137
11-3-16,23.64%,42.05%,34.32%,-0.106818
11-10-16,38.89%,31.78%,29.33%,0.095556
11-17-16,46.65%,26.77%,26.57%,0.200811
11-24-16,49.89%,28.03%,22.08%,0.278131
12-1-16,43.78%,31.12%,25.10%,0.186747
12-8-16,43.12%,30.39%,26.49%,0.166324
12-15-16,44.66%,23.01%,32.33%,0.123287
12-22-16,44.61%,26.24%,29.15%,0.154519
12-29-16,45.57%,28.69%,25.74%,0.198312
1-5-17,46.20%,28.57%,25.23%,0.209726
1-12-17,43.64%,29.39%,26.97%,0.166667
1-19-17,37.01%,30.32%,32.68%,0.043307
1-26-17,31.58%,34.93%,33.49%,-0.019139
2-2-17,32.80%,33.03%,34.17%,-0.013761
2-9-17,35.80%,36.54%,27.65%,0.081482
2-16-17,33.09%,34.55%,32.36%,0.007273
2-23-17,38.46%,29.23%,32.31%,0.061538
3-2-17,37.91%,26.47%,35.62%,0.022876
3-9-17,30.00%,23.50%,46.50%,-0.165
3-16-17,31.17%,30.13%,38.70%,-0.075325
3-23-17,35.28%,34.22%,30.50%,0.047745
3-30-17,30.22%,32.40%,37.38%,-0.071651
4-6-17,28.30%,32.08%,39.62%,-0.113207
4-13-17,28.97%,33.64%,37.38%,-0.084112
4-20-17,25.71%,35.59%,38.70%,-0.129944
4-27-17,38.05%,30.24%,31.71%,0.063415
5-4-17,38.07%,31.98%,29.95%,0.081219
5-11-17,32.73%,37.05%,30.22%,0.02518
5-18-17,23.85%,41.90%,34.25%,-0.103976
5-25-17,32.86%,37.14%,30.00%,0.028571
6-1-17,26.92%,41.54%,31.54%,-0.046154
6-8-17,35.43%,35.04%,29.53%,0.059055
6-15-17,32.27%,38.25%,29.48%,0.027888
6-22-17,32.65%,38.44%,28.91%,0.037415
6-29-17,29.71%,43.43%,26.86%,0.028572
7-6-17,29.58%,40.56%,29.86%,-0.002817
7-13-17,28.24%,42.13%,29.63%,-0.013889
7-20-17,35.48%,38.71%,25.81%,0.096774
7-27-17,34.46%,41.22%,24.32%,0.101352
8-3-17,36.11%,31.79%,32.10%,0.040123
8-10-17,33.67%,34.00%,32.33%,0.013334
8-17-17,34.17%,33.03%,32.80%,0.013761
8-24-17,28.10%,33.61%,38.29%,-0.101928
8-31-17,25.00%,35.11%,39.89%,-0.148936
9-7-17,29.28%,34.98%,35.74%,-0.064638
9-14-17,41.29%,36.74%,21.97%,0.193182
9-21-17,40.14%,32.65%,27.21%,0.129252
9-28-17,33.33%,37.93%,28.74%,0.045977
10-5-17,35.60%,31.60%,32.80%,0.028
10-12-17,39.77%,33.33%,26.90%,0.128655
10-19-17,37.93%,34.14%,27.93%,0.1
10-26-17,39.64%,27.33%,33.03%,0.066066
11-2-17,45.05%,26.37%,28.57%,0.164835
11-9-17,45.10%,31.82%,23.08%,0.22028
11-16-17,29.35%,35.43%,35.22%,-0.058696
11-23-17,35.49%,35.49%,29.01%,0.064789
11-30-17,35.95%,32.43%,31.62%,0.043243
12-7-17,36.88%,28.90%,34.22%,0.026578
12-14-17,45.00%,26.88%,28.13%,0.16875
12-21-17,50.50%,23.88%,25.62%,0.248756
12-28-17,52.65%,26.72%,20.63%,0.320106
1-4-18,59.75%,24.69%,15.56%,0.441975
1-11-18,48.67%,26.25%,25.07%,0.235989
1-18-18,54.11%,24.50%,21.39%,0.327239
1-25-18,45.45%,30.52%,24.03%,0.214285
2-1-18,44.77%,26.47%,28.76%,0.16013
2-8-18,37.03%,27.96%,35.01%,0.020151
2-15-18,48.52%,30.07%,21.41%,0.271071
2-22-18,44.65%,32.56%,22.79%,0.218605
3-1-18,37.28%,39.31%,23.41%,0.138728
3-8-18,26.40%,45.21%,28.38%,-0.019802
3-15-18,36.84%,41.83%,21.33%,0.155125
3-22-18,33.23%,38.28%,28.49%,0.047478
3-29-18,31.94%,32.73%,35.33%,-0.033932
4-5-18,31.90%,31.47%,36.64%,-0.047413
4-12-18,26.09%,31.16%,42.75%,-0.166666
4-19-18,37.78%,33.00%,29.22%,0.085643
4-26-18,36.91%,37.54%,25.55%,0.113564
5-3-18,28.40%,41.36%,30.25%,-0.018518
5-10-18,33.51%,40.96%,25.53%,0.079787
5-17-18,36.68%,42.74%,20.58%,0.16095
5-24-18,38.56%,36.27%,25.16%,0.133987
5-31-18,35.02%,38.63%,26.35%,0.086643
6-7-18,38.93%,34.35%,26.72%,0.122137
6-14-18,44.78%,33.52%,21.70%,0.230769
6-21-18,38.72%,35.10%,26.18%,0.125349
6-28-18,28.45%,30.75%,40.80%,-0.123563
7-5-18,27.86%,32.87%,39.28%,-0.114206
7-12-18,43.05%,27.80%,29.15%,0.138983
7-19-18,34.66%,40.40%,24.94%,0.097256
7-26-18,31.52%,41.58%,26.90%,0.046195
8-2-18,29.11%,38.81%,32.08%,-0.02965
8-9-18,36.36%,32.60%,31.03%,0.053291
8-16-18,36.17%,34.75%,29.08%,0.070922
8-23-18,38.46%,34.47%,27.07%,0.11396
8-30-18,43.50%,32.11%,24.39%,0.191057
9-6-18,42.22%,31.48%,26.30%,0.159259
9-13-18,32.09%,35.07%,32.84%,-0.007462
9-20-18,32.04%,35.92%,32.04%,0
9-27-18,36.22%,32.68%,31.10%,0.051181
10-4-18,45.66%,29.22%,25.11%,0.205479
10-11-18,30.61%,33.94%,35.45%,-0.048484
10-18-18,33.94%,31.05%,35.02%,-0.010831
10-25-18,27.97%,31.03%,41.00%,-0.130269
11-1-18,37.93%,27.59%,34.48%,0.034482
11-8-18,41.28%,27.52%,31.19%,0.100917
11-15-18,35.09%,28.95%,35.96%,-0.008772
11-22-18,25.25%,27.61%,47.14%,-0.218855
11-29-18,33.88%,26.64%,39.47%,-0.055921
12-6-18,37.94%,31.56%,30.50%,0.074468
12-13-18,20.90%,30.23%,48.87%,-0.279661
12-20-18,24.86%,27.84%,47.30%,-0.224324
12-27-18,31.55%,18.15%,50.30%,-0.1875
1-3-19,33.02%,24.21%,42.77%,-0.097484
1-10-19,38.46%,32.17%,29.37%,0.090909
1-17-19,33.53%,30.21%,36.25%,-0.027191
1-24-19,37.66%,30.03%,32.32%,0.053435
1-31-19,31.76%,36.49%,31.76%,0
2-7-19,39.87%,37.34%,22.78%,0.170886
2-14-19,35.10%,39.82%,25.07%,0.100295
2-21-19,39.32%,35.29%,25.39%,0.139319
2-28-19,41.63%,38.37%,20.00%,0.216327
3-7-19,37.39%,35.87%,26.75%,0.106383
3-14-19,32.42%,36.52%,31.06%,0.013652
3-21-19,37.30%,39.29%,23.41%,0.138889
3-28-19,33.20%,39.60%,27.20%,0.06
4-4-19,35.02%,36.71%,28.27%,0.067511
4-11-19,40.29%,39.33%,20.38%,0.199041
4-18-19,37.56%,40.61%,21.83%,0.157361
4-25-19,33.52%,46.31%,20.17%,0.133522
5-2-19,39.02%,39.63%,21.34%,0.176829
5-9-19,43.12%,33.70%,23.19%,0.199275
5-16-19,29.82%,30.88%,39.30%,-0.094736
5-23-19,24.71%,39.22%,36.08%,-0.113725
5-30-19,24.79%,35.12%,40.08%,-0.152892
6-6-19,22.53%,34.89%,42.58%,-0.200549
6-13-19,26.84%,38.96%,34.20%,-0.073593
6-20-19,29.51%,38.36%,32.13%,-0.026229
6-27-19,29.59%,38.36%,32.05%,-0.024658
7-3-19,33.16%,34.49%,32.35%,0.008022
7-11-19,33.61%,38.89%,27.50%,0.061111
7-18-19,35.93%,35.43%,28.64%,0.072864
7-25-19,31.74%,36.24%,32.02%,-0.002809
8-1-19,38.44%,37.50%,24.06%,0.14375
8-8-19,21.66%,30.15%,48.20%,-0.265392
8-15-19,23.18%,31.97%,44.85%,-0.216738
8-22-19,26.64%,33.64%,39.72%,-0.130841
8-29-19,26.13%,31.66%,42.21%,-0.160804
9-5-19,28.64%,31.85%,39.51%,-0.108642
9-12-19,33.13%,35.63%,31.25%,0.01875
9-19-19,35.34%,36.84%,27.82%,0.075188
9-26-19,29.37%,37.37%,33.26%,-0.038876
10-3-19,21.37%,39.19%,39.44%,-0.180662
10-10-19,20.31%,35.73%,43.96%,-0.236504
10-17-19,33.62%,35.33%,31.05%,0.025641
10-24-19,35.60%,36.13%,28.27%,0.073298
10-31-19,33.98%,37.59%,28.43%,0.055422
11-7-19,40.30%,35.77%,23.93%,0.163728
11-14-19,40.72%,34.46%,24.82%,0.159036
11-21-19,34.24%,36.72%,29.03%,0.052109
11-29-19,33.64%,36.09%,30.28%,0.033639
12-5-19,31.72%,39.16%,29.13%,0.02589
12-12-19,37.63%,36.32%,26.05%,0.11579
12-19-19,44.09%,35.43%,20.47%,0.236221
12-26-19,41.89%,36.58%,21.53%,0.20354
1-2-20,37.22%,40.91%,21.88%,0.153409
1-9-20,33.07%,37.04%,29.89%,0.031746
1-16-20,41.83%,30.66%,27.51%,0.143266
1-23-20,45.60%,29.63%,24.77%,0.208334
1-30-20,31.98%,31.17%,36.86%,-0.048781
2-6-20,33.87%,30.91%,35.22%,-0.013441
2-13-20,41.33%,32.27%,26.40%,0.149333
2-20-20,40.56%,30.77%,28.67%,0.118881
2-27-20,30.43%,30.43%,39.13%,-0.086956
3-5-20,38.74%,21.62%,39.64%,-0.009009
3-12-20,29.74%,18.95%,51.31%,-0.215686
3-19-20,34.35%,14.50%,51.15%,-0.167939
3-26-20,32.90%,15.03%,52.07%,-0.191709
4-2-20,34.24%,16.03%,49.73%,-0.154892
4-9-20,36.60%,18.73%,44.67%,-0.080692
4-16-20,34.86%,22.39%,42.75%,-0.07888
4-23-20,24.86%,25.14%,50.00%,-0.251366
4-30-20,30.60%,25.37%,44.03%,-0.134329
5-7-20,23.67%,23.67%,52.66%,-0.289941
5-14-20,23.31%,26.07%,50.61%,-0.273006
5-21-20,29.00%,25.97%,45.02%,-0.160173
5-28-20,33.07%,24.80%,42.13%,-0.090551
6-4-20,34.55%,26.58%,38.87%,-0.043189
6-11-20,34.28%,27.67%,38.05%,-0.037736
6-18-20,24.37%,27.85%,47.78%,-0.234177
6-25-20,24.14%,26.96%,48.90%,-0.247649
7-2-20,22.15%,31.96%,45.89%,-0.237342
7-9-20,27.16%,30.17%,42.67%,-0.155172
7-16-20,30.84%,23.79%,45.37%,-0.145374
7-23-20,26.06%,27.11%,46.83%,-0.207747
7-30-20,20.23%,31.30%,48.47%,-0.282443
8-6-20,23.29%,29.11%,47.60%,-0.24315
8-13-20,30.04%,27.84%,42.12%,-0.120879
8-20-20,30.39%,27.21%,42.40%,-0.120141
8-27-20,32.08%,28.30%,39.62%,-0.075471
9-3-20,30.80%,27.43%,41.77%,-0.109705
9-10-20,23.71%,27.84%,48.45%,-0.247423
9-17-20,32.02%,27.59%,40.39%,-0.083744
9-24-20,24.89%,29.11%,45.99%,-0.210971
10-1-20,26.24%,30.69%,43.07%,-0.168317
10-8-20,34.74%,26.29%,38.97%,-0.042253
10-15-20,34.78%,29.47%,35.75%,-0.009662
10-22-20,35.75%,31.22%,33.03%,0.027149
10-29-20,35.29%,29.41%,35.29%,0
11-5-20,37.96%,30.56%,31.48%,0.064815
11-12-20,55.84%,19.29%,24.87%,0.309645
11-19-20,44.35%,29.29%,26.36%,0.179917
11-27-20,47.25%,25.27%,27.47%,0.197802
12-3-20,49.07%,28.25%,22.68%,0.26394
12-10-20,48.06%,25.09%,26.86%,0.212014
12-17-20,43.43%,30.28%,26.29%,0.171315
12-24-20,43.57%,34.44%,21.99%,0.215768
12-31-20,46.08%,27.12%,26.80%,0.19281
1-7-21,45.19%,23.08%,31.73%,0.1346
1-21-21,42.55%,22.98%,34.47%,0.080746
1-28-21,37.66%,24.03%,38.31%,-0.006494
2-4-21,37.35%,27.06%,35.59%,0.017647
2-11-21,45.45%,28.28%,26.26%,0.191919
2-18-21,47.06%,27.55%,25.39%,0.216718
2-25-21,45.93%,30.29%,23.78%,0.221498
3-4-21,40.26%,34.42%,25.32%,0.14935
3-11-21,49.41%,27.06%,23.53%,0.258824
3-18-21,48.94%,27.46%,23.59%,0.253522
3-25-21,50.95%,28.48%,20.57%,0.303798
4-1-21,45.83%,30.95%,23.21%,0.22619
4-8-21,56.91%,22.70%,20.39%,0.365132
4-15-21,53.82%,21.59%,24.58%,0.292359
4-22-21,52.68%,26.81%,20.50%,0.321767
4-29-21,42.57%,31.76%,25.68%,0.168919
5-6-21,44.31%,32.55%,23.14%,0.211764
5-13-21,36.52%,36.52%,26.96%,0.095563
5-20-21,37.03%,36.71%,26.27%,0.107595
5-27-21,36.43%,37.14%,26.43%,0.1
6-3-21,44.07%,36.17%,19.76%,0.243161
6-10-21,40.23%,39.10%,20.68%,0.195489
6-17-21,41.12%,32.71%,26.17%,0.149533
6-24-21,40.42%,36.25%,23.33%,0.170834
7-1-21,48.65%,29.19%,22.16%,0.264864
7-8-21,40.20%,35.29%,24.51%,0.156863
7-15-21,36.17%,37.02%,26.81%,0.093617
7-22-21,30.65%,38.71%,30.65%,0
7-29-21,36.16%,39.73%,24.11%,0.120536
8-5-21,36.07%,32.24%,31.69%,0.043716
8-12-21,36.97%,31.51%,31.51%,0.054622
8-19-21,33.17%,31.73%,35.10%,-0.019231
8-26-21,39.56%,27.47%,32.97%,0.065934
9-2-21,43.43%,23.23%,33.33%,0.10101
9-9-21,38.89%,33.89%,27.22%,0.116667
9-16-21,22.45%,38.27%,39.29%,-0.168367
9-23-21,29.90%,30.93%,39.18%,-0.092784
9-30-21,28.14%,31.14%,40.72%,-0.125749
10-7-21,25.47%,37.74%,36.79%,-0.113208
10-14-21,37.91%,30.33%,31.75%,0.061611
10-21-21,46.89%,25.36%,27.75%,0.191388
10-27-21,39.83%,30.74%,29.44%,0.103896
11-4-21,41.50%,32.50%,26.00%,0.155
11-11-21,48.00%,28.00%,24.00%,0.24
11-18-21,38.84%,33.93%,27.23%,0.116072
11-24-21,33.81%,30.48%,35.71%,-0.019048
12-2-21,26.67%,30.95%,42.38%,-0.157143
12-9-21,29.72%,39.76%,30.52%,-0.008032
12-16-21,25.24%,35.44%,39.32%,-0.140777
12-23-21,29.57%,36.56%,33.87%,-0.043011
12-30-21,37.66%,31.80%,30.54%,0.07113
1-6-22,32.76%,33.91%,33.33%,-0.005747
1-13-22,24.91%,36.80%,38.29%,-0.133829
1-20-22,20.96%,32.31%,46.72%,-0.257642
1-27-22,23.14%,23.92%,52.94%,-0.298039
2-3-22,26.49%,29.85%,43.66%,-0.171642
2-10-22,24.36%,40.17%,35.47%,-0.111111
2-17-22,19.25%,37.56%,43.19%,-0.239437
2-24-22,23.39%,22.94%,53.67%,-0.302752
3-3-22,30.39%,28.18%,41.44%,-0.110498
3-10-22,24.00%,30.22%,45.78%,-0.217778
3-17-22,22.47%,27.75%,49.78%,-0.273127
3-24-22,32.80%,31.75%,35.45%,-0.026455
3-31-22,31.88%,40.58%,27.54%,0.043479
4-7-22,24.71%,33.91%,41.38%,-0.166667
4-14-22,15.84%,35.75%,48.42%,-0.325792
4-21-22,18.87%,37.26%,43.87%,-0.25
4-28-22,16.44%,24.20%,59.36%,-0.429223
5-5-22,26.87%,20.26%,52.86%,-0.259912
5-12-22,24.32%,26.64%,49.03%,-0.247104
5-19-22,25.97%,23.64%,50.39%,-0.244186
5-26-22,19.85%,26.65%,53.50%,-0.336484
6-2-22,32.02%,30.92%,37.06%,-0.050439
6-9-22,21.02%,32.10%,46.88%,-0.258523
6-16-22,19.44%,22.22%,58.33%,-0.388889
6-23-22,18.20%,22.46%,59.34%,-0.411348
6-30-22,22.78%,30.52%,46.70%,-0.23918
7-7-22,19.38%,27.81%,52.81%,-0.33427
7-14-22,26.89%,26.59%,46.53%,-0.196375
7-21-22,29.59%,28.22%,42.19%,-0.126028
7-28-22,27.72%,32.18%,40.10%,-0.123762
8-4-22,30.56%,30.56%,38.89%,-0.083333
8-11-22,32.15%,31.19%,36.66%,-0.045016
8-18-22,33.33%,29.51%,37.15%,-0.038195
8-25-22,27.70%,29.92%,42.38%,-0.146815
9-1-22,21.92%,27.67%,50.41%,-0.284932
9-8-22,18.07%,28.66%,53.27%,-0.352025
9-15-22,26.13%,27.87%,45.99%,-0.198606
9-22-22,17.73%,21.40%,60.87%,-0.431438
9-29-22,19.95%,19.24%,60.81%,-0.408551
10-6-22,23.92%,21.33%,54.76%,-0.308357
10-13-22,20.36%,23.71%,55.93%,-0.355624
10-20-22,22.60%,21.19%,56.21%,-0.336158
10-27-22,26.59%,27.75%,45.66%,-0.190751
11-3-22,30.56%,36.54%,32.89%,-0.023256
11-10-22,25.09%,27.87%,47.04%,-0.219512
11-17-22,33.45%,26.33%,40.21%,-0.067615
11-24-22,28.86%,30.90%,40.23%,-0.113702
12-1-22,24.47%,35.11%,40.43%,-0.159574
12-8-22,24.73%,33.45%,41.82%,-0.170909
12-15-22,24.30%,31.08%,44.62%,-0.203187
12-22-22,20.31%,27.38%,52.31%,-0.32
12-29-22,26.49%,25.89%,47.62%,-0.211309
1-5-23,20.51%,37.50%,41.99%,-0.214744
1-12-23,24.03%,36.04%,39.93%,-0.15901
1-19-23,30.97%,35.96%,33.07%,-0.020998
1-26-23,28.37%,34.96%,36.68%,-0.083094
2-2-23,29.90%,35.55%,34.55%,-0.046512
2-9-23,37.50%,37.50%,25.00%,0.125
2-16-23,34.12%,37.06%,28.82%,0.052941
2-23-23,21.65%,39.76%,38.59%,-0.169411
3-2-23,23.38%,31.82%,44.81%,-0.214286
3-9-23,24.83%,33.45%,41.72%,-0.168965
3-16-23,19.22%,32.38%,48.40%,-0.291815
3-23-23,20.95%,30.17%,48.88%,-0.27933
3-30-23,22.51%,31.87%,45.61%,-0.231
4-6-23,33.33%,31.65%,35.02%,-0.0169
4-13-23,26.05%,39.46%,34.48%,-0.0843
4-20-23,27.22%,37.66%,35.13%,-0.079114
4-27-23,24.14%,37.36%,38.51%,-0.143678
5-4-23,24.08%,31.02%,44.90%,-0.208164
5-11-23,29.39%,29.39%,41.22%,-0.118321
5-18-23,22.90%,37.37%,39.73%,-0.16835
5-25-23,27.38%,32.92%,39.69%,-0.123077
6-1-23,29.05%,34.12%,36.82%,-0.077702
6-8-23,44.55%,31.15%,24.30%,0.202492
6-15-23,45.18%,32.12%,22.70%,0.224839
6-22-23,42.86%,29.39%,27.76%,0.15102
6-29-23,41.93%,30.60%,27.47%,0.144578
7-6-23,46.39%,29.12%,24.48%,0.219073
7-13-23,41.00%,33.14%,25.87%,0.151263
7-20-23,51.36%,27.15%,21.49%,0.298643
7-27-23,44.91%,30.98%,24.12%,0.2079
8-3-23,48.98%,29.70%,21.32%,0.27665
8-10-23,44.70%,29.80%,25.50%,0.191977
8-17-23,35.89%,33.97%,30.14%,0.057534
8-24-23,32.27%,31.81%,35.93%,-0.036614
8-31-23,33.09%,32.37%,34.53%,-0.014389
9-7-23,42.19%,28.22%,29.59%,0.126028
9-14-23,34.42%,36.36%,29.22%,0.051948
9-21-23,31.30%,34.10%,34.61%,-0.033079
9-28-23,27.79%,31.27%,40.94%,-0.131513
10-5-23,30.10%,28.32%,41.58%,-0.114796
10-12-23,40.00%,23.51%,36.49%,0.035135
10-19-23,34.07%,31.32%,34.62%,-0.005495
10-26-23,29.28%,27.54%,43.18%,-0.138958
11-2-23,24.31%,25.41%,50.28%,-0.259668
11-9-23,42.60%,30.18%,27.22%,0.153847
11-16-23,43.78%,28.11%,28.11%,0.156757
11-23-23,45.30%,31.05%,23.65%,0.216524
11-30-23,48.76%,31.68%,19.57%,0.291926
12-7-23,47.31%,25.27%,27.42%,0.198924
12-14-23,51.30%,29.39%,19.31%,0.319884
12-21-23,52.92%,26.18%,20.89%,0.320334
12-28-23,46.33%,28.61%,25.06%,0.212658
1-4-24,48.56%,27.94%,23.50%,0.250653
1-11-24,48.59%,27.25%,24.16%,0.244216
1-18-24,40.38%,32.86%,26.76%,0.13615
1-25-24,39.27%,34.63%,26.10%,0.131707
2-1-24,49.07%,26.40%,24.53%,0.245334
2-8-24,49.03%,28.41%,22.56%,0.264624
2-15-24,42.17%,31.06%,26.77%,0.15404
2-22-24,44.28%,29.52%,26.20%,0.180723
2-29-24,46.50%,32.17%,21.34%,0.251592
3-7-24,51.74%,26.50%,21.77%,0.299684
3-14-24,45.90%,32.22%,21.88%,0.240122
3-21-24,43.20%,29.61%,27.19%,0.160121
3-28-24,50.00%,27.55%,22.45%,0.27551
4-4-24,47.29%,30.49%,22.22%,0.250646
4-11-24,43.44%,32.51%,24.04%,0.193989
4-18-24,38.27%,27.76%,33.96%,0.043126
4-25-24,32.13%,33.93%,33.93%,-0.017995
5-2-24,38.49%,29.02%,32.49%,0.059937
5-9-24,40.82%,35.37%,23.81%,0.170068
5-16-24,40.86%,35.88%,23.26%,0.17608
5-23-24,47.04%,26.64%,26.32%,0.207237
5-30-24,39.04%,34.25%,26.71%,0.123288
6-6-24,38.97%,29.04%,31.99%,0.069853
6-13-24,44.59%,29.73%,25.68%,0.189189
6-20-24,44.37%,33.12%,22.51%,0.21865
6-27-24,44.49%,27.17%,28.35%,0.161417
7-4-24,41.74%,32.17%,26.09%,0.156521
7-11-24,49.18%,29.10%,21.72%,0.27459
7-18-24,52.75%,23.81%,23.44%,0.293041
7-25-24,43.17%,25.09%,31.73%,0.114391
8-1-24,44.88%,29.92%,25.20%,0.19685
8-8-24,40.54%,22.01%,37.45%,0.030888
8-15-24,42.54%,28.57%,28.89%,0.136508
8-22-24,51.61%,24.73%,23.66%,0.27957
8-29-24,51.16%,21.86%,26.98%,0.241861
9-5-24,45.33%,29.76%,24.91%,0.204152
9-12-24,39.80%,29.25%,30.95%,0.088435
9-19-24,50.83%,22.77%,26.40%,0.244225
9-26-24,49.62%,26.69%,23.68%,0.259399
10-3-24,45.45%,27.27%,27.27%,0.181818
10-10-24,49.01%,30.43%,20.55%,0.284585
10-17-24,45.45%,29.17%,25.38%,0.200757
10-24-24,37.70%,32.38%,29.92%,0.077869
10-31-24,39.49%,29.61%,30.90%,0.085837
11-7-24,41.54%,30.88%,27.57%,0.139706
11-14-24,49.84%,21.81%,28.35%,0.214953
11-21-24,41.29%,25.48%,33.23%,0.080645
11-28-24,37.05%,24.30%,38.65%,-0.015936
12-5-24,48.33%,21.00%,30.67%,0.176666
12-12-24,43.33%,25.00%,31.67%,0.116666
12-19-24,40.71%,27.86%,31.43%,0.092857
12-26-24,37.80%,28.05%,34.15%,0.036586
1-2-25,35.44%,30.38%,34.18%,0.012658
1-9-25,34.67%,27.96%,37.37%,-0.026982
1-16-25,25.43%,34.00%,40.57%,-0.151428
1-23-25,43.43%,27.14%,29.43%,0.14
1-30-25,40.96%,25.00%,34.04%,0.069278
2-6-25,33.33%,23.81%,42.86%,-0.095238
2-13-25,28.42%,24.32%,47.27%,-0.188525
2-20-25,29.19%,30.35%,40.46%,-0.112716
2-27-25,19.38%,20.00%,60.62%,-0.412308
3-6-25,19.33%,23.56%,57.11%,-0.377778
3-13-25,19.11%,21.66%,59.24%,-0.401274
3-20-25,21.58%,20.30%,58.12%,-0.365385
3-27-25,27.42%,20.43%,52.15%,-0.247311
4-3-25,21.76%,16.32%,61.92%,-0.401554