PERMNO,date,RET
10917,19861204,
10917,19861209,C
10917,19861210,0
10917,19861211,0
10917,19861212,0
10917,19861215,0.015385
10917,19861216,0
10917,19861217,0
10917,19861218,0
10917,19861219,0
10917,19861222,0.030303
10917,19861223,0
10917,19861224,0
10917,19861226,0
10917,19861229,0
10917,19861230,0
10917,19861231,0.014706
10917,19870102,0
10917,19870105,0
10917,19870106,0
10917,19870107,0.028986
10917,19870108,0
10917,19870109,0
10917,19870112,0
10917,19870113,0
10917,19870114,0
10917,19870115,0
10917,19870116,0
10917,19870119,0.070423
10917,19870120,-0.065789
10917,19870121,0
10917,19870122,0
10917,19870123,0
10917,19870126,0
10917,19870127,0
10917,19870128,0
10917,19870129,0
10917,19870130,0.042254
10917,19870202,0.027027
10917,19870203,0.013158
10917,19870204,-0.006494
10917,19870205,0.03268
10917,19870206,-0.025316
10917,19870209,0.012987
10917,19870210,0
10917,19870211,0
10917,19870212,0
10917,19870213,0
10917,19870217,0
10917,19870218,0
10917,19870219,0.064103
10917,19870220,-0.060241
10917,19870223,0
10917,19870224,0
10917,19870225,0
10917,19870226,0
10917,19870227,0
10917,19870302,0
10917,19870303,0.00641
10917,19870304,0
10917,19870305,0.019108
10917,19870306,0
10917,19870309,-0.01875
10917,19870310,0.057325
10917,19870311,-0.054217
10917,19870312,0
10917,19870313,0
10917,19870316,0.006369
10917,19870317,-0.006329
10917,19870318,0.006369
10917,19870319,0.006329
10917,19870320,0
10917,19870323,0
10917,19870324,0
10917,19870325,0
10917,19870326,0
10917,19870327,0.006289
10917,19870330,-0.00625
10917,19870331,0
10917,19870401,0
10917,19870402,0
10917,19870403,-0.044025
10917,19870406,-0.013158
10917,19870407,0.066667
10917,19870408,0
10917,19870409,0
10917,19870410,0
10917,19870413,0
10917,19870414,0
10917,19870415,0
10917,19870416,0
10917,19870420,0.0125
10917,19870421,0
10917,19870422,0
10917,19870423,0
10917,19870424,0
10917,19870427,0
10917,19870428,0
10917,19870429,-0.061728
10917,19870430,0.065789
10917,19870501,0
10917,19870504,0
10917,19870505,-0.061728
10917,19870506,0.065789
10917,19870507,0
10917,19870508,0
10917,19870511,0
10917,19870512,0
10917,19870513,0
10917,19870514,-0.049383
10917,19870515,0.012987
10917,19870518,0.012821
10917,19870519,-0.025316
10917,19870520,0.025974
10917,19870521,-0.037975
10917,19870522,0
10917,19870526,0.013158
10917,19870527,0
10917,19870528,0
10917,19870529,0
10917,19870601,0
10917,19870602,0
10917,19870603,0
10917,19870604,0
10917,19870605,0
10917,19870608,0
10917,19870609,-0.007792
10917,19870610,0.013158
10917,19870611,0
10917,19870612,0
10917,19870615,0
10917,19870616,0
10917,19870617,0
10917,19870618,0
10917,19870619,0
10917,19870622,0
10917,19870623,0
10917,19870624,0
10917,19870625,0
10917,19870626,0
10917,19870629,0
10917,19870630,-0.012987
10917,19870701,0.013158
10917,19870702,0
10917,19870706,0.012987
10917,19870707,-0.025641
10917,19870708,-0.052632
10917,19870709,-0.027778
10917,19870710,0
10917,19870713,0.007143
10917,19870714,-0.007092
10917,19870715,0.028571
10917,19870716,0
10917,19870717,0
10917,19870720,-0.027778
10917,19870721,0.017857
10917,19870722,0.038596
10917,19870723,0
10917,19870724,-0.054054
10917,19870727,0.014286
10917,19870728,0.042254
10917,19870729,-0.027027
10917,19870730,0.055556
10917,19870731,0.026316
10917,19870803,-0.051282
10917,19870804,0.054054
10917,19870805,0.038462
10917,19870806,-0.037037
10917,19870807,0.089744
10917,19870810,-0.011765
10917,19870811,0
10917,19870812,0.011905
10917,19870813,0
10917,19870814,0.011765
10917,19870817,-0.011628
10917,19870818,-0.058824
10917,19870819,0.0625
10917,19870820,0
10917,19870821,0
10917,19870824,0
10917,19870825,0
10917,19870826,0
10917,19870827,-0.047059
10917,19870828,0
10917,19870831,-0.061728
10917,19870901,0.065789
10917,19870902,0
10917,19870903,0
10917,19870904,-0.012346
10917,19870908,0
10917,19870909,-0.05
10917,19870910,0.026316
10917,19870911,0
10917,19870914,0.025641
10917,19870915,0
10917,19870916,0.025
10917,19870917,-0.04878
10917,19870918,0
10917,19870921,0
10917,19870922,0
10917,19870923,0
10917,19870924,0
10917,19870925,0
10917,19870928,0
10917,19870929,0
10917,19870930,0.012821
10917,19871001,0
10917,19871002,0
10917,19871005,0
10917,19871006,0
10917,19871007,0
10917,19871008,0
10917,19871009,0
10917,19871012,0
10917,19871013,0
10917,19871014,0
10917,19871015,-0.063291
10917,19871016,0.067568
10917,19871019,-0.025316
10917,19871020,-0.064935
10917,19871021,0.041667
10917,19871022,0.013333
10917,19871023,-0.013158
10917,19871026,0.066667
10917,19871027,-0.0625
10917,19871028,-0.066667
10917,19871029,-0.028571
10917,19871030,0
10917,19871102,0
10917,19871103,0
10917,19871104,0
10917,19871105,0
10917,19871106,0
10917,19871109,0.058824
10917,19871110,-0.055556
10917,19871111,0
10917,19871112,0
10917,19871113,0
10917,19871116,0
10917,19871117,0
10917,19871118,0
10917,19871119,0
10917,19871120,0
10917,19871123,0
10917,19871124,0.058824
10917,19871125,-0.055556
10917,19871127,0
10917,19871130,0
10917,19871201,0
10917,19871202,0
10917,19871203,0
10917,19871204,0
10917,19871207,0
10917,19871208,0
10917,19871209,0
10917,19871210,0
10917,19871211,0
10917,19871214,0
10917,19871215,0
10917,19871216,0
10917,19871217,0
10917,19871218,0
10917,19871221,0
10917,19871222,0
10917,19871223,0
10917,19871224,0
10917,19871228,0
10917,19871229,0
10917,19871230,0.058824
10917,19871231,-0.055556
10917,19880104,0
10917,19880105,0.058824
10917,19880106,-0.013889
10917,19880107,0
10917,19880108,0
10917,19880111,0
10917,19880112,0
10917,19880113,0
10917,19880114,0
10917,19880115,0
10917,19880118,0
10917,19880119,0.011268
10917,19880120,-0.070423
10917,19880121,0.075758
10917,19880122,0.028169
10917,19880125,-0.013699
10917,19880126,0
10917,19880127,0
10917,19880128,0
10917,19880129,0
10917,19880201,0
10917,19880202,0.013889
10917,19880203,-0.013699
10917,19880204,0
10917,19880205,0
10917,19880208,0
10917,19880209,0.041667
10917,19880210,0
10917,19880211,0
10917,19880212,0
10917,19880216,0.046667
10917,19880217,-0.044586
10917,19880218,0
10917,19880219,0
10917,19880222,0
10917,19880223,0
10917,19880224,0
10917,19880225,0
10917,19880226,0
10917,19880229,0
10917,19880301,0
10917,19880302,0
10917,19880303,0
10917,19880304,0
10917,19880307,0
10917,19880308,0
10917,19880309,0
10917,19880310,0
10917,19880311,0
10917,19880314,-0.066667
10917,19880315,0.071429
10917,19880316,0
10917,19880317,0
10917,19880318,0
10917,19880321,0
10917,19880322,0
10917,19880323,0
10917,19880324,0
10917,19880325,0
10917,19880328,0
10917,19880329,0
10917,19880330,0
10917,19880331,0
10917,19880404,0
10917,19880405,0
10917,19880406,0
10917,19880407,0
10917,19880408,-0.066667
10917,19880411,0.071429
10917,19880412,0
10917,19880413,0
10917,19880414,0
10917,19880415,0
10917,19880418,0.006667
10917,19880419,0
10917,19880420,0
10917,19880421,0
10917,19880422,0
10917,19880425,0
10917,19880426,0
10917,19880427,0
10917,19880428,0
10917,19880429,0
10917,19880502,0
10917,19880503,0
10917,19880504,0
10917,19880505,0.066667
10917,19880506,0
10917,19880509,-0.025
10917,19880510,0
10917,19880511,0
10917,19880512,0
10917,19880513,0
10917,19880516,0
10917,19880517,0
10917,19880518,0
10917,19880519,0
10917,19880520,0
10917,19880523,0
10917,19880524,0
10917,19880525,0
10917,19880526,0
10917,19880527,0
10917,19880531,0
10917,19880601,0
10917,19880602,0.051282
10917,19880603,-0.04878
10917,19880606,0
10917,19880607,0
10917,19880608,0
10917,19880609,0
10917,19880610,0
10917,19880613,0
10917,19880614,0
10917,19880615,0
10917,19880616,0
10917,19880617,0.038462
10917,19880620,-0.012346
10917,19880621,0
10917,19880622,0.025
10917,19880623,0
10917,19880624,0.006098
10917,19880627,0
10917,19880628,0
10917,19880629,0.012195
10917,19880630,0
10917,19880701,0
10917,19880705,0
10917,19880706,0
10917,19880707,0
10917,19880708,0
10917,19880711,0
10917,19880712,0
10917,19880713,0
10917,19880714,0
10917,19880715,0
10917,19880718,0
10917,19880719,0
10917,19880720,0
10917,19880721,-0.036145
10917,19880722,0.0375
10917,19880725,-0.012048
10917,19880726,0.012195
10917,19880727,-0.024096
10917,19880728,0.024691
10917,19880729,-0.048193
10917,19880801,0.050633
10917,19880802,0
10917,19880803,0
10917,19880804,0
10917,19880805,0
10917,19880808,0
10917,19880809,-0.012048
10917,19880810,0
10917,19880811,0
10917,19880812,0
10917,19880815,0
10917,19880816,0
10917,19880817,0
10917,19880818,0
10917,19880819,0
10917,19880822,0
10917,19880823,0
10917,19880824,0
10917,19880825,0
10917,19880826,0
10917,19880829,-0.04878
10917,19880830,0.025641
10917,19880831,0
10917,19880901,0.025
10917,19880902,0
10917,19880906,0
10917,19880907,0
10917,19880908,0
10917,19880909,0
10917,19880912,0
10917,19880913,0
10917,19880914,-0.04878
10917,19880915,0.025641
10917,19880916,0.025
10917,19880919,0.018293
10917,19880920,-0.017964
10917,19880921,0
10917,19880922,0
10917,19880923,0
10917,19880926,0.018293
10917,19880927,-0.011976
10917,19880928,0
10917,19880929,0
10917,19880930,0
10917,19881003,0
10917,19881004,0
10917,19881005,-0.02439
10917,19881006,0.025
10917,19881007,-0.04878
10917,19881010,0.038462
10917,19881011,0
10917,19881012,0
10917,19881013,0
10917,19881014,-0.012346
10917,19881017,-0.00625
10917,19881018,0.018868
10917,19881019,0
10917,19881020,0
10917,19881021,0
10917,19881024,0
10917,19881025,0.061728
10917,19881026,-0.046512
10917,19881027,0
10917,19881028,0
10917,19881031,0
10917,19881101,0
10917,19881102,0
10917,19881103,0
10917,19881104,0
10917,19881107,0
10917,19881108,0
10917,19881109,0
10917,19881110,0
10917,19881111,0
10917,19881114,0
10917,19881115,0
10917,19881116,0
10917,19881117,0
10917,19881118,0
10917,19881121,0
10917,19881122,0
10917,19881123,0
10917,19881125,0
10917,19881128,0
10917,19881129,0.030488
10917,19881130,-0.029586
10917,19881201,0
10917,19881202,0
10917,19881205,-0.04878
10917,19881206,0.076923
10917,19881207,-0.02381
10917,19881208,0
10917,19881209,0
10917,19881212,0
10917,19881213,0
10917,19881214,0
10917,19881215,0
10917,19881216,0
10917,19881219,0
10917,19881220,0
10917,19881221,0
10917,19881222,-0.02439
10917,19881223,0.025
10917,19881227,0.012195
10917,19881228,-0.012048
10917,19881229,0.012195
10917,19881230,0
10917,19890103,0
10917,19890104,-0.012048
10917,19890105,0.012195
10917,19890106,0
10917,19890109,0
10917,19890110,0.006024
10917,19890111,0
10917,19890112,0.005988
10917,19890113,-0.005952
10917,19890116,-0.005988
10917,19890117,0.010843
10917,19890118,-0.006024
10917,19890119,0
10917,19890120,0
10917,19890123,0
10917,19890124,0.006061
10917,19890125,-0.006024
10917,19890126,0
10917,19890127,0
10917,19890130,-0.042424
10917,19890131,0.044304
10917,19890201,0
10917,19890202,0
10917,19890203,0
10917,19890206,0
10917,19890207,0
10917,19890208,0.006061
10917,19890209,-0.006024
10917,19890210,0
10917,19890213,0
10917,19890214,0
10917,19890215,0.006061
10917,19890216,-0.006024
10917,19890217,0
10917,19890221,0
10917,19890222,0
10917,19890223,0
10917,19890224,0
10917,19890227,0.030303
10917,19890228,0.023529
10917,19890301,0.011494
10917,19890302,0.011364
10917,19890303,0.011236
10917,19890306,0
10917,19890307,0
10917,19890308,0.022222
10917,19890309,0.01087
10917,19890310,0
10917,19890313,-0.005376
10917,19890314,0
10917,19890315,0
10917,19890316,-0.010811
10917,19890317,0
10917,19890320,0
10917,19890321,0
10917,19890322,0
10917,19890323,0
10917,19890327,0.005464
10917,19890328,0
10917,19890329,0
10917,19890330,0
10917,19890331,0
10917,19890403,-0.010929
10917,19890404,0
10917,19890405,0
10917,19890406,0
10917,19890407,0.016575
10917,19890410,0
10917,19890411,0
10917,19890412,0
10917,19890413,0
10917,19890414,0
10917,19890417,0
10917,19890418,0
10917,19890419,0
10917,19890420,0
10917,19890421,0
10917,19890424,0
10917,19890425,0
10917,19890426,0
10917,19890427,0
10917,19890428,0
10917,19890501,-0.043478
10917,19890502,0.045455
10917,19890503,0
10917,19890504,0
10917,19890505,0
10917,19890508,0
10917,19890509,0
10917,19890510,0
10917,19890511,0
10917,19890512,0
10917,19890515,0
10917,19890516,0
10917,19890517,0
10917,19890518,0
10917,19890519,0
10917,19890522,0
10917,19890523,0
10917,19890524,0
10917,19890525,0
10917,19890526,0
10917,19890530,0
10917,19890531,0
10917,19890601,0
10917,19890602,0
10917,19890605,0
10917,19890606,0
10917,19890607,0
10917,19890608,0
10917,19890609,-0.016304
10917,19890612,0.016575
10917,19890613,0
10917,19890614,0
10917,19890615,0
10917,19890616,0
10917,19890619,0
10917,19890620,-0.054348
10917,19890621,0.057471
10917,19890622,0
10917,19890623,0
10917,19890626,0.005435
10917,19890627,-0.01087
10917,19890628,0
10917,19890629,0
10917,19890630,0
10917,19890703,0
10917,19890705,0
10917,19890706,0
10917,19890707,0
10917,19890710,0
10917,19890711,0
10917,19890712,0
10917,19890713,0
10917,19890714,0
10917,19890717,0
10917,19890718,0
10917,19890719,0
10917,19890720,0
10917,19890721,0
10917,19890724,0
10917,19890725,-0.032967
10917,19890726,0.034091
10917,19890727,0
10917,19890728,0
10917,19890731,0
10917,19890801,0
10917,19890802,0
10917,19890803,0
10917,19890804,0
10917,19890807,0
10917,19890808,0
10917,19890809,0
10917,19890810,0
10917,19890811,0
10917,19890814,0
10917,19890815,0
10917,19890816,0.010989
10917,19890817,-0.01087
10917,19890818,0.010989
10917,19890821,0
10917,19890822,-0.054348
10917,19890823,0.057471
10917,19890824,0
10917,19890825,0
10917,19890828,0
10917,19890829,0
10917,19890830,0
10917,19890831,0
10917,19890901,0
10917,19890905,0.005435
10917,19890906,0
10917,19890907,0
10917,19890908,0
10917,19890911,0
10917,19890912,0
10917,19890913,0
10917,19890914,0
10917,19890915,0
10917,19890918,0
10917,19890919,0
10917,19890920,0
10917,19890921,0
10917,19890922,0
10917,19890925,-0.043243
10917,19890926,0.051136
10917,19890927,0
10917,19890928,0
10917,19890929,0
10917,19891002,0
10917,19891003,0
10917,19891004,0
10917,19891005,0
10917,19891006,0
10917,19891009,0
10917,19891010,-0.005405
10917,19891011,0
10917,19891012,0
10917,19891013,0
10917,19891016,0
10917,19891017,0
10917,19891018,0
10917,19891019,0
10917,19891020,-0.01087
10917,19891023,0.010989
10917,19891024,0
10917,19891025,0
10917,19891026,0
10917,19891027,0
10917,19891030,0
10917,19891031,-0.021739
10917,19891101,0.022222
10917,19891102,0
10917,19891103,0
10917,19891106,0
10917,19891107,0
10917,19891108,-0.021739
10917,19891109,0.022222
10917,19891110,0
10917,19891113,-0.01087
10917,19891114,0.010989
10917,19891115,0
10917,19891116,0
10917,19891117,0
10917,19891120,0
10917,19891121,0
10917,19891122,0
10917,19891124,0
10917,19891127,0
10917,19891128,0
10917,19891129,0
10917,19891130,0
10917,19891201,0
10917,19891204,0
10917,19891205,0
10917,19891206,0
10917,19891207,0
10917,19891208,0
10917,19891211,0
10917,19891212,-0.005435
10917,19891213,0.005464
10917,19891214,0
10917,19891215,-0.01087
10917,19891218,0.010989
10917,19891219,0
10917,19891220,0
10917,19891221,0
10917,19891222,0.01087
10917,19891226,0
10917,19891227,0
10917,19891228,0
10917,19891229,0
10917,19900102,0
10917,19900103,0
10917,19900104,-0.043478
10917,19900105,0.045455
10917,19900108,0
10917,19900109,0
10917,19900110,0
10917,19900111,0
10917,19900112,0
10917,19900115,0
10917,19900116,0
10917,19900117,0
10917,19900118,0
10917,19900119,0
10917,19900122,-0.043478
10917,19900123,0.045455
10917,19900124,0
10917,19900125,-0.043478
10917,19900126,0.045455
10917,19900129,0
10917,19900130,0
10917,19900131,-0.021739
10917,19900201,0.022222
10917,19900202,0
10917,19900205,0
10917,19900206,0
10917,19900207,0
10917,19900208,0
10917,19900209,0
10917,19900212,-0.043478
10917,19900213,0.045455
10917,19900214,0
10917,19900215,0
10917,19900216,0
10917,19900220,0
10917,19900221,0
10917,19900222,0
10917,19900223,0
10917,19900226,0
10917,19900227,0
10917,19900228,0
10917,19900301,0
10917,19900302,0
10917,19900305,0
10917,19900306,0
10917,19900307,0
10917,19900308,0
10917,19900309,0
10917,19900312,0
10917,19900313,-0.032609
10917,19900314,0.033708
10917,19900315,0
10917,19900316,0
10917,19900319,0
10917,19900320,0
10917,19900321,0
10917,19900322,0
10917,19900323,0
10917,19900326,0.005435
10917,19900327,0
10917,19900328,0
10917,19900329,0
10917,19900330,0
10917,19900402,0
10917,19900403,0
10917,19900404,0
10917,19900405,0
10917,19900406,0
10917,19900409,0
10917,19900410,0
10917,19900411,0
10917,19900412,-0.043478
10917,19900416,0.045455
10917,19900417,0
10917,19900418,0
10917,19900419,0
10917,19900420,0
10917,19900423,0
10917,19900424,0
10917,19900425,0
10917,19900426,-0.043478
10917,19900427,0.045455
10917,19900430,0
10917,19900501,-0.043478
10917,19900502,0.005682
10917,19900503,0.016949
10917,19900504,0
10917,19900507,0
10917,19900508,0
10917,19900509,0
10917,19900510,0
10917,19900511,0
10917,19900514,0
10917,19900515,0
10917,19900516,0
10917,19900517,0
10917,19900518,0
10917,19900521,0
10917,19900522,0
10917,19900523,0
10917,19900524,-0.044444
10917,19900525,0.046512
10917,19900529,0
10917,19900530,0
10917,19900531,0
10917,19900601,-0.044444
10917,19900604,0.046512
10917,19900605,0
10917,19900606,0
10917,19900607,0
10917,19900608,0
10917,19900611,0
10917,19900612,0
10917,19900613,-0.044444
10917,19900614,0.046512
10917,19900615,0
10917,19900618,0
10917,19900619,0
10917,19900620,0
10917,19900621,0
10917,19900622,0.033333
10917,19900625,-0.032258
10917,19900626,0
10917,19900627,0.005556
10917,19900628,0
10917,19900629,0
10917,19900702,0
10917,19900703,0
10917,19900705,0
10917,19900706,0
10917,19900709,0
10917,19900710,0
10917,19900711,0
10917,19900712,0
10917,19900713,0
10917,19900716,0
10917,19900717,0
10917,19900718,0
10917,19900719,0
10917,19900720,0
10917,19900723,0
10917,19900724,0
10917,19900725,0
10917,19900726,0
10917,19900727,0
10917,19900730,0
10917,19900731,0
10917,19900801,0
10917,19900802,0
10917,19900803,0
10917,19900806,0
10917,19900807,-0.044444
10917,19900808,0.046512
10917,19900809,0
10917,19900810,0
10917,19900813,0
10917,19900814,0
10917,19900815,-0.044444
10917,19900816,0.046512
10917,19900817,0
10917,19900820,0
10917,19900821,0
10917,19900822,0
10917,19900823,0
10917,19900824,-0.011111
10917,19900827,0.011236
10917,19900828,0
10917,19900829,0
10917,19900830,0
10917,19900831,-0.044444
10917,19900904,0.046512
10917,19900905,0
10917,19900906,0
10917,19900907,0
10917,19900910,-0.022222
10917,19900911,0
10917,19900912,0
10917,19900913,0
10917,19900914,0
10917,19900917,0
10917,19900918,0
10917,19900919,0
10917,19900920,0
10917,19900921,0
10917,19900924,0.005682
10917,19900925,0
10917,19900926,-0.068182
10917,19900927,0
10917,19900928,0
10917,19901001,0
10917,19901002,-0.012195
10917,19901003,-0.08642
10917,19901004,0.094595
10917,19901005,0
10917,19901008,0
10917,19901009,0
10917,19901010,-0.012346
10917,19901011,-0.1
10917,19901012,0.027778
10917,19901015,0
10917,19901016,0
10917,19901017,0
10917,19901018,0
10917,19901019,0
10917,19901022,0
10917,19901023,0.006757
10917,19901024,
10917,19901030,
14603,20140411,C
14603,20140414,-0.019412
14603,20140415,-0.025795
14603,20140416,0.00431
14603,20140417,-0.01778
14603,20140421,0.006866
14603,20140422,0.042777
14603,20140423,0.017241
14603,20140424,0.001753
14603,20140425,0.042591
14603,20140428,0.005036
14603,20140429,-0.022829
14603,20140430,0.006268
14603,20140501,-0.003964
14603,20140502,0.010802
14603,20140505,0.010124
14603,20140506,-0.007795
14603,20140507,0.008417
14603,20140508,-0.007234
14603,20140509,-0.004484
14603,20140512,-0.001689
14603,20140513,0.006204
14603,20140514,0.003924
14603,20140515,0.002792
14603,20140516,-0.003341
14603,20140519,0.031844
14603,20140520,0.009204
14603,20140521,-0.013412
14603,20140522,0.011963
14603,20140523,0.002149
14603,20140527,0.014477
14603,20140528,-0.020085
14603,20140529,0.028047
14603,20140530,-0.001574
14603,20140602,0.009459
14603,20140603,0.023425
14603,20140604,0.034588
14603,20140605,0.016224
14603,20140606,-0.005806
14603,20140609,0.058394
14603,20140610,0.011034
14603,20140611,0.050932
14603,20140612,-0.038512
14603,20140613,-0.013051
14603,20140616,-0.046968
14603,20140617,-0.041627
14603,20140618,0.032451
14603,20140619,0.003868
14603,20140620,-0.013006
14603,20140623,0.020986
14603,20140624,0.005736
14603,20140625,0.0423
14603,20140626,-0.007752
14603,20140627,-0.047794
14603,20140630,0.059363
14603,20140701,0.009567
14603,20140702,0.011282
14603,20140703,0.004016
14603,20140707,-0.025778
14603,20140708,-0.070712
14603,20140709,-0.008346
14603,20140710,-0.029208
14603,20140711,0.030087
14603,20140714,0.000495
14603,20140715,-0.032657
14603,20140716,0.009719
14603,20140717,-0.006079
14603,20140718,0.022936
14603,20140721,0.000997
14603,20140722,-0.013937
14603,20140723,0.020697
14603,20140724,-0.013848
14603,20140725,-0.009027
14603,20140728,-0.009109
14603,20140729,-0.001021
14603,20140730,-0.022495
14603,20140731,-0.008368
14603,20140801,0.002637
14603,20140804,-0.021042
14603,20140805,-0.008598
14603,20140806,-0.007588
14603,20140807,-0.013654
14603,20140808,0.031008
14603,20140811,0.019871
14603,20140812,-0.032649
14603,20140813,0.028307
14603,20140814,-0.000529
14603,20140815,-0.019068
14603,20140818,0.029698
14603,20140819,0.000524
14603,20140820,-0.010482
14603,20140821,0.01589
14603,20140822,-0.007821
14603,20140825,0.012086
14603,20140826,0.007269
14603,20140827,-0.020619
14603,20140828,0.003684
14603,20140829,0.008915
14603,20140902,-0.017764
14603,20140903,0.009043
14603,20140904,0.001581
14603,20140905,0.047368
14603,20140908,-0.001005
14603,20140909,-0.011569
14603,20140910,0.010178
14603,20140911,0.007557
14603,20140912,-0.0025
14603,20140915,0.007519
14603,20140916,0.036318
14603,20140917,0.086894
14603,20140918,-0.010159
14603,20140919,0.013387
14603,20140922,-0.02598
14603,20140923,-0.007685
14603,20140924,0.020045
14603,20140925,-0.016972
14603,20140926,0.024534
14603,20140929,-0.014634
14603,20140930,0.008551
14603,20141001,-0.004909
14603,20141002,-0.030942
14603,20141003,-0.022212
14603,20141006,-0.001893
14603,20141007,0.012328
14603,20141008,0.051991
14603,20141009,-0.003117
14603,20141010,0.046449
14603,20141013,0.05335
14603,20141014,0.000405
14603,20141015,-0.027136
14603,20141016,-0.00791
14603,20141017,-0.008812
14603,20141020,0.022015
14603,20141021,0.006835
14603,20141022,0.012137
14603,20141023,-0.015041
14603,20141024,-0.014032
14603,20141027,-0.002093
14603,20141028,0.022232
14603,20141029,0.018055
14603,20141030,0.033857
14603,20141031,0.010526
14603,20141103,-0.005787
14603,20141104,0.022507
14603,20141105,0.009488
14603,20141106,0.009774
14603,20141107,0.055101
14603,20141110,-0.018702
14603,20141111,0.003955
14603,20141112,0.070201
14603,20141113,-0.014056
14603,20141114,0.069246
14603,20141117,-0.020635
14603,20141118,0.011345
14603,20141119,-0.022436
14603,20141120,0.008525
14603,20141121,-0.005527
14603,20141124,0.002615
14603,20141125,-0.008803
14603,20141126,-0.004605
14603,20141128,0.009914
14603,20141201,0.007199
14603,20141202,0.011082
14603,20141203,0.009994
14603,20141204,-0.003192
14603,20141205,0.023375
14603,20141208,0.032228
14603,20141209,-0.026372
14603,20141210,-0.012765
14603,20141211,0.005361
14603,20141212,-0.027603
14603,20141215,-0.05871
14603,20141216,-0.002742
14603,20141217,0.02268
14603,20141218,-0.016801
14603,20141219,0.016746
14603,20141222,-0.014454
14603,20141223,-0.039563
14603,20141224,0.019176
14603,20141226,0.069686
14603,20141229,-0.030945
14603,20141230,0.018487
14603,20141231,0.041254
14603,20150102,-0.022187
14603,20150105,-0.013614
14603,20150106,-0.020046
14603,20150107,0.01442
14603,20150108,0.003306
14603,20150109,-0.003954
14603,20150112,-0.022825
14603,20150113,-0.007448
14603,20150114,-0.008527
14603,20150115,-0.006536
14603,20150116,-0.00554
14603,20150120,0.001741
14603,20150121,-0.02016
14603,20150122,0.02696
14603,20150123,0.002418
14603,20150126,-0.00827
14603,20150127,-0.00139
14603,20150128,-0.017397
14603,20150129,0.006374
14603,20150130,-0.038353
14603,20150202,0.020124
14603,20150203,0.014527
14603,20150204,-0.013258
14603,20150205,0.006091
14603,20150206,-0.00463
14603,20150209,-0.001789
14603,20150210,0.005018
14603,20150211,0.059201
14603,20150212,0.026599
14603,20150213,0.011807
14603,20150217,0.069692
14603,20150218,0.003939
14603,20150219,0.037126
14603,20150220,0.004074
14603,20150223,0.004348
14603,20150224,0.034632
14603,20150225,0.00781
14603,20150226,0.007196
14603,20150227,-0.003298
14603,20150302,0.031155
14603,20150303,-0.026541
14603,20150304,-0.000275
14603,20150305,-0.038292
14603,20150306,0.002864
14603,20150309,0.008283
14603,20150310,-0.006232
14603,20150311,0.028791
14603,20150312,0.008174
14603,20150313,-0.011131
14603,20150316,-0.013897
14603,20150317,-0.007892
14603,20150318,-0.00625
14603,20150319,0.021727
14603,20150320,-0.004757
14603,20150323,-0.018836
14603,20150324,-0.016905
14603,20150325,0.001166
14603,20150326,-0.003202
14603,20150327,0.005549
14603,20150330,0.028754
14603,20150331,-0.000282
14603,20150401,0.007343
14603,20150402,-0.055228
14603,20150406,-0.000297
14603,20150407,0.008311
14603,20150408,0.002649
14603,20150409,0.012625
14603,20150410,-0.00029
14603,20150413,-0.014211
14603,20150414,-0.002942
14603,20150415,-0.004131
14603,20150416,0.014519
14603,20150417,-0.024825
14603,20150420,0.018269
14603,20150421,-0.048529
14603,20150422,0.033694
14603,20150423,-0.006878
14603,20150424,0
14603,20150427,-0.014152
14603,20150428,0.005803
14603,20150429,0.028545
14603,20150430,-0.062297
14603,20150501,0.060138
14603,20150504,0.014553
14603,20150505,-0.016686
14603,20150506,0.009527
14603,20150507,-0.001474
14603,20150508,0.005316
14603,20150511,-0.000294
14603,20150512,0.079342
14603,20150513,-0.02532
14603,20150514,0.018436
14603,20150515,0.000274
14603,20150518,0.028242
14603,20150519,-0.021867
14603,20150520,-0.017993
14603,20150521,-0.015825
14603,20150522,0.009309
14603,20150526,-0.026272
14603,20150527,0.030138
14603,20150528,-0.027306
14603,20150529,-0.008021
14603,20150601,0.006064
14603,20150602,-0.022453
14603,20150603,-0.001178
14603,20150604,-0.037146
14603,20150605,0.011941
14603,20150608,-0.013616
14603,20150609,-0.007669
14603,20150610,0.005255
14603,20150611,-0.008918
14603,20150612,0.008688
14603,20150615,-0.004614
14603,20150616,0.031211
14603,20150617,0.027869
14603,20150618,0.065015
14603,20150619,0.006022
14603,20150622,-0.010612
14603,20150623,0.001925
14603,20150624,-0.000823
14603,20150625,0.013461
14603,20150626,-0.002982
14603,20150629,-0.015769
14603,20150630,0.075691
14603,20150701,-0.023369
14603,20150702,-0.003681
14603,20150706,0.003959
14603,20150707,-0.014984
14603,20150708,-0.022952
14603,20150709,0.020213
14603,20150710,0.028916
14603,20150713,-0.002342
14603,20150714,0.001043
14603,20150715,-0.016415
14603,20150716,0.012715
14603,20150717,-0.001046
14603,20150720,-0.002095
14603,20150721,0.001837
14603,20150722,0.004715
14603,20150723,-0.010688
14603,20150724,-0.002635
14603,20150727,-0.033818
14603,20150728,0.010664
14603,20150729,0.005141
14603,20150730,0.044684
14603,20150731,0.01211
14603,20150803,-0.00942
14603,20150804,-0.005654
14603,20150805,0.016025
14603,20150806,-0.033325
14603,20150807,0.007632
14603,20150810,0.040742
14603,20150811,0.004768
14603,20150812,-0.014735
14603,20150813,-0.034981
14603,20150814,-0.023115
14603,20150817,0.019629
14603,20150818,-0.003956
14603,20150819,-0.017739
14603,20150820,-0.044744
14603,20150821,-0.012415
14603,20150824,-0.036571
14603,20150825,0.019869
14603,20150826,-0.001745
14603,20150827,0.027964
14603,20150828,0.009634
14603,20150831,-0.006455
14603,20150901,-0.002266
14603,20150902,0.008234
14603,20150903,-0.017741
14603,20150904,0.007454
14603,20150908,0.007684
14603,20150909,-0.031347
14603,20150910,-0.021866
14603,20150911,0.036066
14603,20150914,-0.002877
14603,20150915,0.032025
14603,20150916,-0.012301
14603,20150917,0.041891
14603,20150918,-0.013855
14603,20150921,-0.030303
14603,20150922,-0.011932
14603,20150923,0.023864
14603,20150924,-0.042123
14603,20150925,-0.053064
14603,20150928,-0.035294
14603,20150929,-0.0138
14603,20150930,0.029287
14603,20151001,0.035409
14603,20151002,0.016183
14603,20151005,-0.017127
14603,20151006,-0.073678
14603,20151007,0.019142
14603,20151008,-0.001295
14603,20151009,0.01297
14603,20151012,0.013444
14603,20151013,-0.006633
14603,20151014,-0.000636
14603,20151015,0.043907
14603,20151016,0.012801
14603,20151019,0
14603,20151020,-0.044839
14603,20151021,-0.030876
14603,20151022,0.023407
14603,20151023,0.019695
14603,20151026,0.011838
14603,20151027,-0.003387
14603,20151028,0.044177
14603,20151029,-0.026923
14603,20151030,0.01429
14603,20151102,0.005096
14603,20151103,0.005368
14603,20151104,-0.018392
14603,20151105,-0.003626
14603,20151106,-0.00546
14603,20151109,0.005489
14603,20151110,-0.03943
14603,20151111,0.058099
14603,20151112,-0.050731
14603,20151113,0.012889
14603,20151116,-0.015829
14603,20151117,0.005992
14603,20151118,0.008777
14603,20151119,-0.039466
14603,20151120,0.016176
14603,20151123,-0.014008
14603,20151124,0.081369
14603,20151125,0.010749
14603,20151127,-0.008567
14603,20151130,-0.029499
14603,20151201,0.002156
14603,20151202,0.010141
14603,20151203,-0.023121
14603,20151204,0.018686
14603,20151207,-0.011617
14603,20151208,0.002165
14603,20151209,-0.010803
14603,20151210,-0.002496
14603,20151211,-0.012199
14603,20151214,-0.031349
14603,20151215,0.021903
14603,20151216,0.041267
14603,20151217,-0.030415
14603,20151218,-0.012041
14603,20151221,0.021167
14603,20151222,-0.004083
14603,20151223,0.007884
14603,20151224,-0.032541
14603,20151228,-0.021669
14603,20151229,0.015207
14603,20151230,0.000651
14603,20151231,-0.019525
14603,20160104,-0.030866
14603,20160105,0.018151
14603,20160106,0.005382
14603,20160107,-0.004349
14603,20160108,-0.017473
14603,20160111,-0.012654
14603,20160112,0.007274
14603,20160113,-0.03542
14603,20160114,0.01533
14603,20160115,0.010183
14603,20160119,0.007994
14603,20160120,0.028276
14603,20160121,-0.006707
14603,20160122,0.027684
14603,20160125,0.034823
14603,20160126,0.035556
14603,20160127,-0.020846
14603,20160128,0.001252
14603,20160129,0.049093
14603,20160201,-0.001192
14603,20160202,0.000895
14603,20160203,0.002981
14603,20160204,0.036564
14603,20160205,-0.020361
14603,20160208,-0.002635
14603,20160209,-0.00587
14603,20160210,-0.177148
14603,20160211,0.033369
14603,20160212,-0.018403
14603,20160216,0.01521
14603,20160217,-0.010801
14603,20160218,-0.001761
14603,20160219,0.009174
14603,20160222,-0.016434
14603,20160223,-0.00391
14603,20160224,0.007495
14603,20160225,-0.002834
14603,20160226,-0.006039
14603,20160229,-0.007863
14603,20160301,-0.003254
14603,20160302,-0.020675
14603,20160303,-0.00037
14603,20160304,-0.018525
14603,20160307,0.006418
14603,20160308,-0.018755
14603,20160309,-0.001911
14603,20160310,-0.024512
14603,20160311,0.021201
14603,20160314,0.004229
14603,20160315,-0.056662
14603,20160316,0.000406
14603,20160317,-0.003245
14603,20160318,0.050875
14603,20160321,-0.006197
14603,20160322,0.008963
14603,20160323,-0.019699
14603,20160324,-0.00197
14603,20160328,0.012633
14603,20160329,0.045614
14603,20160330,-0.01044
14603,20160331,0.018839
14603,20160401,0.012944
14603,20160404,-0.003651
14603,20160405,-0.023085
14603,20160406,0.022506
14603,20160407,0.009905
14603,20160408,-0.023247
14603,20160411,-0.114913
14603,20160412,0.010084
14603,20160413,0.018719
14603,20160414,0.006125
14603,20160415,-0.012175
14603,20160418,0.007395
14603,20160419,-0.062806
14603,20160420,-0.023934
14603,20160421,0.022737
14603,20160422,-0.000872
14603,20160425,-0.062391
14603,20160426,0.017217
14603,20160427,-0.017841
14603,20160428,-0.022357
14603,20160429,-0.01191
14603,20160502,0.00675
14603,20160503,-0.006226
14603,20160504,-0.004819
14603,20160505,0.012107
14603,20160506,-0.015311
14603,20160509,0.015063
14603,20160510,-0.116802
14603,20160511,0.01355
14603,20160512,-0.011765
14603,20160513,-0.00487
14603,20160516,0.019032
14603,20160517,-0.043223
14603,20160518,0.03179
14603,20160519,-0.029189
14603,20160520,0.030067
14603,20160523,-0.004865
14603,20160524,0.042368
14603,20160525,0.011464
14603,20160526,-0.012365
14603,20160527,0.014606
14603,20160531,-0.018605
14603,20160601,0.032649
14603,20160602,-0.00357
14603,20160603,-0.018424
14603,20160606,-0.014077
14603,20160607,0.022739
14603,20160608,0
14603,20160609,-0.003619
14603,20160610,0.000519
14603,20160613,0.006224
14603,20160614,0.004639
14603,20160615,-0.008209
14603,20160616,-0.001552
14603,20160617,-0.021762
14603,20160620,0.028072
14603,20160621,0.010819
14603,20160622,0.022936
14603,20160623,0.016442
14603,20160624,-0.072549
14603,20160627,-0.041755
14603,20160628,0.016547
14603,20160629,0.017363
14603,20160630,-0.0048
14603,20160701,0.027867
14603,20160705,-0.004692
14603,20160706,0.015715
14603,20160707,0.012378
14603,20160708,0.012736
14603,20160711,0.003521
14603,20160712,0.026065
14603,20160713,-0.006351
14603,20160714,0.009341
14603,20160715,-0.003897
14603,20160718,-0.010269
14603,20160719,0.001976
14603,20160720,0.018245
14603,20160721,-0.015981
14603,20160722,0.011811
14603,20160725,-0.00535
14603,20160726,0.00489
14603,20160727,0.039903
14603,20160728,-0.022461
14603,20160729,-0.012446
14603,20160801,0.009695
14603,20160802,0.006721
14603,20160803,0.002384
14603,20160804,-0.007612
14603,20160805,0.008629
14603,20160808,-0.010932
14603,20160809,0.011052
14603,20160810,-0.005703
14603,20160811,-0.003346
14603,20160812,-0.007674
14603,20160815,0.019333
14603,20160816,-0.011854
14603,20160817,0.011516
14603,20160818,-0.001897
14603,20160819,-0.011407
14603,20160822,0.012019
14603,20160823,-0.006176
14603,20160824,0.00239
14603,20160825,-0.008584
14603,20160826,-0.003848
14603,20160829,0.031869
14603,20160830,0.117922
14603,20160831,0.015906
14603,20160901,0.054388
14603,20160902,0.014459
14603,20160906,-0.008507
14603,20160907,0.028081
14603,20160908,-0.005311
14603,20160909,-0.014874
14603,20160912,0.024777
14603,20160913,-0.021156
14603,20160914,-0.001544
14603,20160915,0.017395
14603,20160916,0.005699
14603,20160919,-0.013978
14603,20160920,0.007663
14603,20160921,0.022433
14603,20160922,0.030495
14603,20160923,-0.017683
14603,20160926,-0.012858
14603,20160927,-0.001117
14603,20160928,-0.005216
14603,20160929,-0.010487
14603,20160930,0.028766
14603,20161003,0.00184
14603,20161004,-0.002571
14603,20161005,0.006627
14603,20161006,-0.028164
14603,20161007,-0.001882
14603,20161010,0.010181
14603,20161011,-0.037701
14603,20161012,-0.001164
14603,20161013,-0.008155
14603,20161014,-0.011355
14603,20161017,-0.014257
14603,20161018,0.026115
14603,20161019,0.00509
14603,20161020,0.002337
14603,20161021,-0.00583
14603,20161024,-0.018765
14603,20161025,0.003984
14603,20161026,0.017857
14603,20161027,0.003899
14603,20161028,0.01165
14603,20161031,-0.003839
14603,20161101,0.00578
14603,20161102,0.024904
14603,20161103,-0.026168
14603,20161104,0.005758
14603,20161107,0.01145
14603,20161108,0.001887
14603,20161109,0.05838
14603,20161110,0.051601
14603,20161111,-0.028765
14603,20161114,0.006969
14603,20161115,-0.017301
14603,20161116,-0.008803
14603,20161117,0.005329
14603,20161118,-0.0053
14603,20161121,0.001776
14603,20161122,-0.004433
14603,20161123,-0.000891
14603,20161125,-0.001783
14603,20161128,0.007143
14603,20161129,-0.012456
14603,20161130,-0.010811
14603,20161201,-0.018215
14603,20161202,-0.009276
14603,20161205,0.003745
14603,20161206,0.029851
14603,20161207,-0.009058
14603,20161208,-0.005484
14603,20161209,0.009191
14603,20161212,-0.009107
14603,20161213,0.009191
14603,20161214,-0.01275
14603,20161215,0.035055
14603,20161216,0.024955
14603,20161219,0.041739
14603,20161220,-0.018364
14603,20161221,0.003401
14603,20161222,-0.011864
14603,20161223,0.022298
14603,20161227,-0.016779
14603,20161228,-0.025597
14603,20161229,0.001751
14603,20161230,0.024475
14603,20170103,0.010239
14603,20170104,-0.005068
14603,20170105,0
14603,20170106,-0.008489
14603,20170109,-0.008562
14603,20170110,-0.006908
14603,20170111,-0.005217
14603,20170112,-0.022727
14603,20170113,0.028623
14603,20170117,-0.034783
14603,20170118,0.009009
14603,20170119,-0.019643
14603,20170120,0.014572
14603,20170123,-0.005386
14603,20170124,-0.00722
14603,20170125,-0.001818
14603,20170126,-0.010929
14603,20170127,0
14603,20170130,-0.034991
14603,20170131,0.019084
14603,20170201,0.011236
14603,20170202,-0.007407
14603,20170203,0.014925
14603,20170206,0.029412
14603,20170207,0.039286
14603,20170208,0.005155
14603,20170209,0.034188
14603,20170210,0.008264
14603,20170213,-0.011475
14603,20170214,-0.004975
14603,20170215,-0.001667
14603,20170216,-0.006678
14603,20170217,-0.020168
14603,20170221,0.013722
14603,20170222,-0.013536
14603,20170223,-0.005146
14603,20170224,-0.013793
14603,20170227,-0.003497
14603,20170228,-0.019366
14603,20170301,0.023339
14603,20170302,-0.008772
14603,20170303,-0.00531
14603,20170306,-0.02847
14603,20170307,-0.009158
14603,20170308,0.007394
14603,20170309,0.016514
14603,20170310,0.009025
14603,20170313,-0.023256
14603,20170314,0
14603,20170315,0.027473
14603,20170316,0.001783
14603,20170317,0.010676
14603,20170320,-0.019366
14603,20170321,-0.021544
14603,20170322,-0.001835
14603,20170323,0.005515
14603,20170324,0.012797
14603,20170327,0.001805
14603,20170328,0
14603,20170329,-0.009009
14603,20170330,0.021818
14603,20170331,0
14603,20170403,-0.014235
14603,20170404,-0.016246
14603,20170405,-0.018349
14603,20170406,0.029907
14603,20170407,0.018149
14603,20170410,-0.039216
14603,20170411,0.012987
14603,20170412,0.007326
14603,20170413,-0.010909
14603,20170417,0.027574
14603,20170418,-0.005367
14603,20170419,-0.008993
14603,20170420,0.030853
14603,20170421,-0.003521
14603,20170424,0.0053
14603,20170425,0.00703
14603,20170426,0.031414
14603,20170427,0.015228
14603,20170428,-0.008333
14603,20170501,0.013445
14603,20170502,-0.013267
14603,20170503,-0.008403
14603,20170504,0.028814
14603,20170505,-0.004942
14603,20170508,-0.011589
14603,20170509,0.072027
14603,20170510,0.05
14603,20170511,-0.008929
14603,20170512,0.006006
14603,20170515,0.029851
14603,20170516,0.013044
14603,20170517,-0.028612
14603,20170518,0.011782
14603,20170519,-0.007278
14603,20170522,0.010264
14603,20170523,0.002903
14603,20170524,0.014472
14603,20170525,-0.008559
14603,20170526,-0.005755
14603,20170530,0.007257
14603,20170531,0.01585
14603,20170601,0.028369
14603,20170602,-0.037241
14603,20170605,0.014327
14603,20170606,-0.00565
14603,20170607,0.015625
14603,20170608,0.004196
14603,20170609,-0.011142
14603,20170612,-0.023944
14603,20170613,0.001443
14603,20170614,0.004323
14603,20170615,0
14603,20170616,0.032999
14603,20170619,0.015278
14603,20170620,0.004104
14603,20170621,0.020436
14603,20170622,-0.006676
14603,20170623,0.012097
14603,20170626,-0.005312
14603,20170627,-0.00534
14603,20170628,0.022819
14603,20170629,-0.015748
14603,20170630,-0.012
14603,20170703,-0.00135
14603,20170705,-0.005405
14603,20170706,-0.021739
14603,20170707,-0.001389
14603,20170710,0.004172
14603,20170711,0.037396
14603,20170712,0.012016
14603,20170713,-0.009235
14603,20170714,0.001332
14603,20170717,0.011968
14603,20170718,0.002628
14603,20170719,-0.007864
14603,20170720,-0.002642
14603,20170721,0.01457
14603,20170724,-0.005222
14603,20170725,0.010499
14603,20170726,0.002597
14603,20170727,-0.003886
14603,20170728,-0.0013
14603,20170731,-0.005208
14603,20170801,0.017016
14603,20170802,0.007722
14603,20170803,0.005108
14603,20170804,-0.010165
14603,20170807,0.006418
14603,20170808,0.006378
14603,20170809,-0.003802
14603,20170810,0
14603,20170811,0.008906
14603,20170814,0.002522
14603,20170815,0.001258
14603,20170816,0.005025
14603,20170817,0
14603,20170818,-0.00375
14603,20170821,-0.006274
14603,20170822,-0.008838
14603,20170823,-0.031847
14603,20170824,0.001316
14603,20170825,-0.007884
14603,20170828,-0.013245
14603,20170829,0.004027
14603,20170830,0.009358
14603,20170831,-0.059603
14603,20170901,0.030986
14603,20170905,-0.035616
14603,20170906,-0.004261
14603,20170907,0.025678
14603,20170908,0.009736
14603,20170911,-0.001377
14603,20170912,0.008276
14603,20170913,-0.005472
14603,20170914,-0.006878
14603,20170915,-0.009695
14603,20170918,0.020979
14603,20170919,-0.017808
14603,20170920,-0.02371
14603,20170921,0.01
14603,20170922,0.001415
14603,20170925,0
14603,20170926,0.008475
14603,20170927,0.033613
14603,20170928,-0.004065
14603,20170929,0.008163
14603,20171002,0.010796
14603,20171003,-0.004005
14603,20171004,0.008043
14603,20171005,0.005319
14603,20171006,-0.009259
14603,20171009,-0.004005
14603,20171010,-0.004021
14603,20171011,-0.004038
14603,20171012,0.002703
14603,20171013,-0.009434
14603,20171016,0.028571
14603,20171017,-0.009259
14603,20171018,-0.004005
14603,20171019,0
14603,20171020,-0.005362
14603,20171023,0.005391
14603,20171024,0
14603,20171025,-0.006702
14603,20171026,0.004049
14603,20171027,0.009409
14603,20171030,-0.03462
14603,20171031,0.038621
14603,20171101,-0.015936
14603,20171102,0.002699
14603,20171103,0.014805
14603,20171106,0.005305
14603,20171107,-0.05409
14603,20171108,-0.004184
14603,20171109,-0.043417
14603,20171110,0.013177
14603,20171113,-0.004335
14603,20171114,-0.004354
14603,20171115,-0.001458
14603,20171116,0.017518
14603,20171117,-0.001435
14603,20171120,0.002874
14603,20171121,0.024355
14603,20171122,-0.016783
14603,20171124,-0.014225
14603,20171127,0.01443
14603,20171128,-0.004267
14603,20171129,-0.007143
14603,20171130,-0.001439
14603,20171201,-0.027378
14603,20171204,-0.02963
14603,20171205,0.021374
14603,20171206,-0.014993
14603,20171207,-0.006088
14603,20171208,0.003063
14603,20171211,0.003053
14603,20171212,0.006088
14603,20171213,0.018154
14603,20171214,-0.011887
14603,20171215,0.003007
14603,20171218,0.056972
14603,20171219,-0.005674
14603,20171220,0.002853
14603,20171221,-0.001423
14603,20171222,-0.025641
14603,20171226,-0.002924
14603,20171227,-0.014663
14603,20171228,0.004464
14603,20171229,-0.007407
14603,20180102,0.023881
14603,20180103,0.005831
14603,20180104,0.010145
14603,20180105,0.012913
14603,20180108,-0.008499
14603,20180109,0.011429
14603,20180110,-0.007062
14603,20180111,0.019915
14603,20180112,-0.004184
14603,20180116,-0.009804
14603,20180117,0.016973
14603,20180118,-0.004173
14603,20180119,0.011173
14603,20180122,0.002762
14603,20180123,-0.004132
14603,20180124,-0.004149
14603,20180125,0.002778
14603,20180126,-0.006925
14603,20180129,-0.026499
14603,20180130,-0.002865
14603,20180131,-0.021552
14603,20180201,0.008811
14603,20180202,-0.008734
14603,20180205,-0.054332
14603,20180206,0.128882
14603,20180207,0.006878
14603,20180208,-0.034153
14603,20180209,0.005658
14603,20180212,-0.002813
14603,20180213,-0.011284
14603,20180214,0.017118
14603,20180215,0.01122
14603,20180216,-0.006935
14603,20180220,-0.015363
14603,20180221,0.038298
14603,20180222,0.032787
14603,20180223,0.01455
14603,20180226,0.01043
14603,20180227,-0.005161
14603,20180228,-0.002594
14603,20180301,-0.007802
14603,20180302,0.036697
14603,20180305,0.013906
14603,20180306,-0.027431
14603,20180307,0.015424
14603,20180308,0.003798
14603,20180309,0.002522
14603,20180312,0.01761
14603,20180313,-0.004944
14603,20180314,-0.001242
14603,20180315,-0.006219
14603,20180316,0.007509
14603,20180319,-0.016149
14603,20180320,-0.017677
14603,20180321,-0.003856
14603,20180322,0.009032
14603,20180323,-0.011509
14603,20180326,0.015524
14603,20180327,0
14603,20180328,0.006369
14603,20180329,0.005063
14603,20180402,-0.025189
14603,20180403,0.029716
14603,20180404,0.003764
14603,20180405,0.01375
14603,20180406,0.024661
14603,20180409,-0.022864
14603,20180410,0.027094
14603,20180411,-0.007194
14603,20180412,0.007246
14603,20180413,0.010791
14603,20180416,0.010676
14603,20180417,0.032864
14603,20180418,-0.001136
14603,20180419,-0.006826
14603,20180420,0.008018
14603,20180423,-0.018182
14603,20180424,0
14603,20180425,-0.00463
14603,20180426,0.018605
14603,20180427,-0.020548
14603,20180430,-0.013986
14603,20180501,-0.003546
14603,20180502,0.004745
14603,20180503,-0.014168
14603,20180504,0.016766
14603,20180507,-0.008245
14603,20180508,0.051069
14603,20180509,-0.00678
14603,20180510,-0.009101
14603,20180511,0.005741
14603,20180514,-0.002283
14603,20180515,-0.01373
14603,20180516,0.024362
14603,20180517,0.015855
14603,20180518,0.010033
14603,20180521,0.004415
14603,20180522,-0.010989
14603,20180523,0
14603,20180524,-0.004444
14603,20180525,-0.006696
14603,20180529,0.006742
14603,20180530,0.011161
14603,20180531,-0.002207
14603,20180601,0.017699
14603,20180604,0.013043
14603,20180605,-0.008584
14603,20180606,0.009761
14603,20180607,0.004296
14603,20180608,-0.007487
14603,20180611,0.008621
14603,20180612,-0.010684
14603,20180613,0.00432
14603,20180614,0.008602
14603,20180615,-0.002132
14603,20180618,0.022436
14603,20180619,-0.00418
14603,20180620,0.009444
14603,20180621,-0.003118
14603,20180622,-0.012513
14603,20180625,-0.011616
14603,20180626,-0.002137
14603,20180627,-0.025696
14603,20180628,0.004396
14603,20180629,0.007659
14603,20180702,0.017372
14603,20180703,0
14603,20180705,0.006403
14603,20180706,0.002121
14603,20180709,0
14603,20180710,-0.013757
14603,20180711,0.003219
14603,20180712,0.029947
14603,20180713,0.004154
14603,20180716,-0.001034
14603,20180717,-0.003106
14603,20180718,-0.004154
14603,20180719,-0.017727
14603,20180720,0.008493
14603,20180723,0.014737
14603,20180724,-0.020747
14603,20180725,0.006356
14603,20180726,0.004211
14603,20180727,-0.01153
14603,20180730,0
14603,20180731,0.015907
14603,20180801,0.016701
14603,20180802,0.007187
14603,20180803,0.027523
14603,20180806,0.007936
14603,20180807,-0.004921
14603,20180808,-0.018793
14603,20180809,-0.009073
14603,20180810,-0.002035
14603,20180813,0.020387
14603,20180814,-0.001998
14603,20180815,-0.014014
14603,20180816,0.013198
14603,20180817,-0.011022
14603,20180820,0.012158
14603,20180821,0.011011
14603,20180822,-0.012871
14603,20180823,0
14603,20180824,0.018054
14603,20180827,0.054187
14603,20180828,-0.079439
14603,20180829,-0.045685
14603,20180830,-0.030851
14603,20180831,0.036224
14603,20180904,0.012712
14603,20180905,-0.001048
14603,20180906,-0.020986
14603,20180907,-0.009646
14603,20180910,-0.004329
14603,20180911,-0.031522
14603,20180912,0.005612
14603,20180913,-0.015625
14603,20180914,-0.007936
14603,20180917,-0.009143
14603,20180918,0.009227
14603,20180919,-0.025143
14603,20180920,0.018757
14603,20180921,-0.026467
14603,20180924,0.003546
14603,20180925,0.005889
14603,20180926,0.007026
14603,20180927,-0.012791
14603,20180928,0.010601
14603,20181001,0.010256
14603,20181002,-0.01269
14603,20181003,0.037392
14603,20181004,-0.003604
14603,20181005,-0.018992
14603,20181008,-0.011062
14603,20181009,-0.005593
14603,20181010,-0.00539
14603,20181011,-0.01885
14603,20181012,0.017531
14603,20181015,0.014869
14603,20181016,0.015349
14603,20181017,0.005268
14603,20181018,0.000911
14603,20181019,0.006146
14603,20181022,0.006787
14603,20181023,0.003146
14603,20181024,-0.051971
14603,20181025,0.017722
14603,20181026,0.008126
14603,20181029,-0.008982
14603,20181030,-0.000697
14603,20181031,-0.001861
14603,20181101,-0.014562
14603,20181102,-0.000118
14603,20181105,0.002128
14603,20181106,-0.004719
14603,20181107,-0.082504
14603,20181108,-0.001034
14603,20181109,-0.040352
14603,20181112,-0.034501
14603,20181113,0.020659
14603,20181114,-0.01395
14603,20181115,-0.018585
14603,20181116,-0.013284
14603,20181119,-0.027213
14603,20181120,0.007067
14603,20181121,-0.019298
14603,20181123,0.002981
14603,20181126,-0.007432
14603,20181127,-0.020066
14603,20181128,0.038037
14603,20181129,-0.020981
14603,20181130,0.023242
14603,20181203,-0.002655
14603,20181204,-0.024253
14603,20181206,0.000606
14603,20181207,-0.004241
14603,20181210,0.00578
14603,20181211,-0.010284
14603,20181212,0
14603,20181213,0.005807
14603,20181214,0.001215
14603,20181217,-0.011836
14603,20181218,0.005835
14603,20181219,-0.026565
14603,20181220,-0.001568
14603,20181221,-0.006598
14603,20181224,-0.013915
14603,20181226,0.033034
14603,20181227,-0.017696
14603,20181228,0.002528
14603,20181231,0.013871
14603,20190102,-0.007774
14603,20190103,-0.017863
14603,20190104,0.028079
14603,20190107,0.004345
14603,20190108,0.010507
14603,20190109,0.010703
14603,20190110,0.00938
14603,20190111,-0.007494
14603,20190114,-0.036243
14603,20190115,-0.004074
14603,20190116,0.019824
14603,20190117,-0.009565
14603,20190118,-0.001246
14603,20190122,-0.027449
14603,20190123,0.033675
14603,20190124,-0.017375
14603,20190125,-0.000632
14603,20190128,-0.014218
14603,20190129,-0.003205
14603,20190130,0.000965
14603,20190131,0.002891
14603,20190201,0.011211
14603,20190204,0.004118
14603,20190205,0.031546
14603,20190206,0.029052
14603,20190207,-0.090639
14603,20190208,-0.008824
14603,20190211,-0.03363
14603,20190212,-0.001023
14603,20190213,-0.016393
14603,20190214,0.022917
14603,20190215,0.033265
14603,20190219,0
14603,20190220,-0.009198
14603,20190221,0.011605
14603,20190222,-0.000328
14603,20190225,-0.005246
14603,20190226,-0.02439
14603,20190227,-0.010473
14603,20190228,0.000341
14603,20190301,-0.001706
14603,20190304,-0.014701
14603,20190305,0.015267
14603,20190306,-0.004804
14603,20190307,-0.01
14603,20190308,0.004876
14603,20190311,0.02461
14603,20190312,0.024019
14603,20190313,0.035679
14603,20190314,-0.00638
14603,20190315,0.012199
14603,20190318,0.017127
14603,20190319,-0.002495
14603,20190320,-0.001563
14603,20190321,0.012523
14603,20190322,-0.018862
14603,20190325,-0.008509
14603,20190326,0.006039
14603,20190327,0.024645
14603,20190328,0
14603,20190329,0.017576
14603,20190401,0.005151
14603,20190402,-0.011456
14603,20190403,0.007624
14603,20190404,-0.004237
14603,20190405,0.018541
14603,20190408,0.009251
14603,20190409,-0.010349
14603,20190410,0.008664
14603,20190411,-0.004147
14603,20190412,-0.004462
14603,20190415,0.000896
14603,20190416,0.002985
14603,20190417,-0.010417
14603,20190418,0.002707
14603,20190422,0.0009
14603,20190423,-0.008391
14603,20190424,0.002418
14603,20190425,0.007838
14603,20190426,0.002393
14603,20190429,0.007759
14603,20190430,0.027835
14603,20190501,0.00144
14603,20190502,0.022727
14603,20190503,0.01519
14603,20190506,0.021058
14603,20190507,-0.213297
14603,20190508,0.064505
14603,20190509,0.007777
14603,20190510,-0.03955
14603,20190513,-0.042852
14603,20190514,0.00035
14603,20190515,-0.004895
14603,20190516,0.017217
14603,20190517,-0.002418
14603,20190520,0.009003
14603,20190521,0.005491
14603,20190522,0.00785
14603,20190523,0.008127
14603,20190524,-0.001008
14603,20190528,0.004035
14603,20190529,-0.001675
14603,20190530,0.000335
14603,20190531,-0.008048
14603,20190603,0.003043
14603,20190604,0.011796
14603,20190605,0.002007
14603,20190606,-0.014352
14603,20190607,0.014561
14603,20190610,-0.002003
14603,20190611,-0.062542
14603,20190612,0.048876
14603,20190613,-0.007483
14603,20190614,-0.005826
14603,20190617,-0.002758
14603,20190618,0.022122
14603,20190619,0.010822
14603,20190620,0.004015
14603,20190621,0.004998
14603,20190624,0.015915
14603,20190625,0.00359
14603,20190626,0.020813
14603,20190627,0.003504
14603,20190628,0.008571
14603,20190701,-0.004721
14603,20190702,0.011385
14603,20190703,0.00469
14603,20190705,0.005913
14603,20190708,-0.000309
14603,20190709,-0.027546
14603,20190710,-0.034055
14603,20190711,0.000329
14603,20190712,0.004941
14603,20190715,-0.004261
14603,20190716,0.000329
14603,20190717,-0.01382
14603,20190718,0.014014
14603,20190719,-0.010859
14603,20190722,-0.004657
14603,20190723,-0.033422
14603,20190724,0.001037
14603,20190725,-0.007254
14603,20190726,0.009047
14603,20190729,0.022414
14603,20190730,0.025632
14603,20190731,0.023676
14603,20190801,0.011564
14603,20190802,-0.020006
14603,20190805,-0.011666
14603,20190806,0.024918
14603,20190807,-0.006718
14603,20190808,-0.011272
14603,20190809,0.003257
14603,20190812,-0.00487
14603,20190813,0.009788
14603,20190814,-0.028756
14603,20190815,-0.000998
14603,20190816,0.039294
14603,20190819,0.022749
14603,20190820,0.023183
14603,20190821,-0.022045
14603,20190822,-0.003131
14603,20190823,-0.030779
14603,20190826,0.029164
14603,20190827,-0.005982
14603,20190828,-0.311372
14603,20190829,-0.027599
14603,20190830,-0.023179
14603,20190903,-0.006295
14603,20190904,-0.002941
14603,20190905,0.046214
14603,20190906,-0.029135
14603,20190909,-0.00484
14603,20190910,0.014105
14603,20190911,-0.020624
14603,20190912,0.026445
14603,20190913,0.020992
14603,20190916,0.03271
14603,20190917,0.009955
14603,20190918,-0.023298
14603,20190919,-0.000459
14603,20190920,0.028912
14603,20190923,-0.008921
14603,20190924,-0.036004
14603,20190925,0.018674
14603,20190926,-0.018103
14603,20190927,-0.017503
14603,20190930,0.013302
14603,20191001,-0.012189
14603,20191002,-0.002373
14603,20191003,0.014986
14603,20191004,-0.000703
14603,20191007,0.007036
14603,20191008,-0.01211
14603,20191009,0.010373
14603,20191010,-0.020299
14603,20191011,0.00643
14603,20191014,0.017747
14603,20191015,0.016973
14603,20191016,-0.017833
14603,20191017,-0.001862
14603,20191018,-0.016325
14603,20191021,0.021337
14603,20191022,0.034355
14603,20191023,0.010772
14603,20191024,-0.000222
14603,20191025,0.001999
14603,20191028,0.027482
14603,20191029,0.013374
14603,20191030,0.004257
14603,20191031,0.015685
14603,20191101,0.014608
14603,20191104,-0.010284
14603,20191105,-0.071904
14603,20191106,0.014778
14603,20191107,0.01677
14603,20191108,0.00434
14603,20191111,-0.010804
14603,20191112,-0.005679
14603,20191113,0.016257
14603,20191114,-0.012538
14603,20191115,0.015324
14603,20191118,-0.016386
14603,20191119,0.01929
14603,20191120,-0.00086
14603,20191121,0.010762
14603,20191122,0.005537
14603,20191125,0.02626
14603,20191126,0.011556
14603,20191127,0.00164
14603,20191129,-0.006959
14603,20191202,-0.012366
14603,20191203,0.010851
14603,20191204,0.003303
14603,20191205,-0.009877
14603,20191206,0.020781
14603,20191209,-0.010586
14603,20191210,0.0107
14603,20191211,-0.00794
14603,20191212,0.008414
14603,20191213,-0.025234
14603,20191216,0.006681
14603,20191217,0.018664
14603,20191218,-0.007736
14603,20191219,0.009027
14603,20191220,-0.00366
14603,20191223,0.001633
14603,20191224,0.00815
14603,20191226,0.000808
14603,20191227,0.001212
14603,20191230,-0.004034
14603,20191231,0.00567
14603,20200102,0.018929
14603,20200103,0.003162
14603,20200106,-0.011032
14603,20200107,-0.017131
14603,20200108,0.007702
14603,20200109,0.006436
14603,20200110,-0.004796
14603,20200113,0.012851
14603,20200114,0.002776
14603,20200115,0.016607
14603,20200116,0.017503
14603,20200117,-0.013953
14603,20200121,-0.004846
14603,20200122,-0.003506
14603,20200123,0.007037
14603,20200124,-0.017469
14603,20200127,-0.01857
14603,20200128,0.046699
14603,20200129,-0.025769
14603,20200130,-0.016581
14603,20200131,-0.047772
14603,20200203,0.000843
14603,20200204,0.16765
14603,20200205,-0.012266
14603,20200206,0.005479
14603,20200207,-0.018162
14603,20200210,-0.00481
14603,20200211,0.001487
14603,20200212,0.005382
14603,20200213,0.001661
14603,20200214,-0.00258
14603,20200218,-0.001478
14603,20200219,-0.035159
14603,20200220,0.028385
14603,20200221,0.003357
14603,20200224,-0.039777
14603,20200225,-0.009292
14603,20200226,0.013286
14603,20200227,-0.010027
14603,20200228,-0.016362
14603,20200302,0.002772
14603,20200303,0.012638
14603,20200304,0.045846
14603,20200305,-0.016486
14603,20200306,-0.002667
14603,20200309,-0.064935
14603,20200310,0.025327
14603,20200311,-0.020717
14603,20200312,-0.152563
14603,20200313,0.06241
14603,20200316,-0.197921
14603,20200317,0.112113
14603,20200318,-0.097264
14603,20200319,0.056678
14603,20200320,-0.050982
14603,20200323,0.012311
14603,20200324,0.049198
14603,20200325,-0.062698
14603,20200326,0.125351
14603,20200327,0.011988
14603,20200330,0.117473
14603,20200331,0.06758
14603,20200401,-0.012826
14603,20200402,0.033529
14603,20200403,-0.036496
14603,20200406,0.026094
14603,20200407,-0.033634
14603,20200408,-0.012309
14603,20200409,0.099269
14603,20200413,-0.030883
14603,20200414,-0.10004
14603,20200415,0
14603,20200416,0.025101
14603,20200417,0.054657
14603,20200420,-0.009121
14603,20200421,-0.02887
14603,20200422,0.001293
14603,20200423,-0.022375
14603,20200424,0.009243
14603,20200427,0.105102
14603,20200428,0.02723
14603,20200429,0.086823
14603,20200430,-0.05585
14603,20200501,-0.080869
14603,20200504,-0.005703
14603,20200505,0.031954
14603,20200506,-0.060738
14603,20200507,-0.03973
14603,20200508,-0.006602
14603,20200511,0.008418
14603,20200512,-0.010545
14603,20200513,0.031972
14603,20200514,-0.018072
14603,20200515,-0.00745
14603,20200518,0.072848
14603,20200519,0.009054
14603,20200520,0.026917
14603,20200521,-0.013503
14603,20200522,-0.003623
14603,20200526,0.012121
14603,20200527,0.055888
14603,20200528,0.017013
14603,20200529,-0.026022
14603,20200601,-0.029008
14603,20200602,0.013758
14603,20200603,0.016751
14603,20200604,-0.001149
14603,20200605,0.050249
14603,20200608,-0.006209
14603,20200609,0.015436
14603,20200610,-0.021715
14603,20200611,-0.080281
14603,20200612,0.028158
14603,20200615,0.001565
14603,20200616,0.019141
14603,20200617,-0.007666
14603,20200618,-0.008884
14603,20200619,-0.01364
14603,20200622,0.008692
14603,20200623,0.008617
14603,20200624,-0.015534
14603,20200625,0.021302
14603,20200626,-0.022016
14603,20200629,0.012243
14603,20200630,0.024971
14603,20200701,-0.010278
14603,20200702,0.002692
14603,20200706,0.008055
14603,20200707,-0.015982
14603,20200708,-0.029389
14603,20200709,-0.019522
14603,20200710,0.019911
14603,20200713,0.00996
14603,20200714,0.017751
14603,20200715,0.021705
14603,20200716,-0.01783
14603,20200717,-0.017767
14603,20200720,-0.046795
14603,20200721,0.009901
14603,20200722,-0.000817
14603,20200723,-0.021668
14603,20200724,-0.019223
14603,20200727,0.01193
14603,20200728,-0.000421
14603,20200729,0.004212
14603,20200730,-0.036493
14603,20200731,0.009795
14603,20200803,0.008407
14603,20200804,0.00513
14603,20200805,0.014887
14603,20200806,-0.138726
14603,20200807,-0.007299
14603,20200810,-0.011765
14603,20200811,-0.030754
14603,20200812,0.016888
14603,20200813,-0.037745
14603,20200814,0.003661
14603,20200817,0.035435
14603,20200818,-0.006039
14603,20200819,-0.004557
14603,20200820,0.020855
14603,20200821,-0.000997
14603,20200824,0.001995
14603,20200825,0.020906
14603,20200826,-0.008289
14603,20200827,0.017207
14603,20200828,0.043499
14603,20200831,-0.006021
14603,20200901,-0.034017
14603,20200902,-0.002426
14603,20200903,-0.031615
14603,20200904,-0.040683
14603,20200908,-0.012042
14603,20200909,-0.005299
14603,20200910,-0.010123
14603,20200911,-0.023681
14603,20200914,0.002756
14603,20200915,0.016767
14603,20200916,-0.004596
14603,20200917,-0.044541
14603,20200918,0.021035
14603,20200921,-0.016704
14603,20200922,-0.006795
14603,20200923,0.003421
14603,20200924,0.001704
14603,20200925,0.011912
14603,20200928,0
14603,20200929,-0.026906
14603,20200930,0.002304
14603,20201001,-0.014368
14603,20201002,-0.006414
14603,20201005,0.035211
14603,20201006,-0.007936
14603,20201007,0.019429
14603,20201008,0.025785
14603,20201009,0.008743
14603,20201012,0.019502
14603,20201013,-0.008502
14603,20201014,-0.012326
14603,20201015,-0.009224
14603,20201016,-0.002191
14603,20201019,-0.020307
14603,20201020,0.008403
14603,20201021,-0.023889
14603,20201022,0.036426
14603,20201023,0.003844
14603,20201026,-0.022976
14603,20201027,0.005039
14603,20201028,-0.043454
14603,20201029,-0.007571
14603,20201030,-0.035211
14603,20201102,0.013382
14603,20201103,0.010204
14603,20201104,0.035651
14603,20201105,0.008606
14603,20201106,-0.002844
14603,20201109,0.03765
14603,20201110,0.1105
14603,20201111,-0.057426
14603,20201112,-0.049895
14603,20201113,0.016031
14603,20201116,0.027748
14603,20201117,0.017999
14603,20201118,-0.01196
14603,20201119,0.001053
14603,20201120,0.009989
14603,20201123,-0.02759
14603,20201124,0.055139
14603,20201125,-0.015314
14603,20201127,0.007258
14603,20201130,-0.027792
14603,20201201,-0.030175
14603,20201202,0.003821
14603,20201203,-0.030451
14603,20201204,0.038699
14603,20201207,-0.00108
14603,20201208,0.018919
14603,20201209,-0.019098
14603,20201210,0.000541
14603,20201211,-0.00973
14603,20201214,-0.001637
14603,20201215,0.045927
14603,20201216,-0.021432
14603,20201217,0.028312
14603,20201218,-0.000519
14603,20201221,-0.018191
14603,20201222,0.014293
14603,20201223,-0.004697
14603,20201224,0.003671
14603,20201228,0.001567
14603,20201229,-0.003652
14603,20201230,-0.002618
14603,20201231,0.019423
14603,20210104,0.014933
14603,20210105,0.000507
14603,20210106,0.055274
14603,20210107,-0.000481
14603,20210108,0.004327
14603,20210111,0.009095
14603,20210112,0.004269
14603,20210113,-0.001417
14603,20210114,0.013718
14603,20210115,-0.003266
14603,20210119,-0.013109
14603,20210120,0.009013
14603,20210121,0.002351
14603,20210122,-0.003283
14603,20210125,0.004706
14603,20210126,-0.001874
14603,20210127,-0.015955
14603,20210128,-0.000954
14603,20210129,-0.010024
14603,20210201,0.004339
14603,20210202,0.010562
14603,20210203,0.042755
14603,20210204,0.029157
14603,20210205,-0.03143
14603,20210208,0.038391
14603,20210209,0.012764
14603,20210210,-0.006084
14603,20210211,0.005684
14603,20210212,0.01
14603,20210216,-0.006457
14603,20210217,0.009099
14603,20210218,-0.010734
14603,20210219,-0.006945
14603,20210222,0.000874
14603,20210223,-0.012664
14603,20210224,-0.033171
14603,20210225,-0.046203
14603,20210226,0.034532
14603,20210301,0.056096
14603,20210302,-0.021949
14603,20210303,0.009477
14603,20210304,0.020563
14603,20210305,-0.009198
14603,20210308,0.044209
14603,20210309,0.032176
14603,20210310,-0.009024
14603,20210311,0.001242
14603,20210312,0.016536
14603,20210315,0.0122
14603,20210316,-0.003214
14603,20210317,0.01451
14603,20210318,0.001589
14603,20210319,0.000793
14603,20210322,-0.018629
14603,20210323,0.002423
14603,20210324,-0.028606
14603,20210325,0.004148
14603,20210326,0.007435
14603,20210329,-0.01107
14603,20210330,0.017413
14603,20210331,-0.005705
14603,20210401,0.02459
14603,20210405,0.0044
14603,20210406,-0.019912
14603,20210407,-0.017066
14603,20210408,0.015296
14603,20210409,-0.000814
14603,20210412,-0.015892
14603,20210413,0.005797
14603,20210414,-0.001647
14603,20210415,0.018557
14603,20210416,-0.010931
14603,20210419,0.02456
14603,20210420,-0.007191
14603,20210421,0.020523
14603,20210422,-0.015379
14603,20210423,-0.015218
14603,20210426,-0.00854
14603,20210427,-0.004102
14603,20210428,0.000412
14603,20210429,0.006175
14603,20210430,0.003273
14603,20210503,0.074225
14603,20210504,-0.010251
14603,20210505,-0.026084
14603,20210506,0.016936
14603,20210507,0.063129
14603,20210510,-0.019308
14603,20210511,-0.020059
14603,20210512,-0.012888
14603,20210513,0.03725
14603,20210514,0.018882
14603,20210517,0.019985
14603,20210518,-0.003563
14603,20210519,0.010011
14603,20210520,0.018761
14603,20210521,0.00139
14603,20210524,-0.020125
14603,20210525,-0.023725
14603,20210526,0.000725
14603,20210527,0.008336
14603,20210528,0.0133
14603,20210601,0.002483
14603,20210602,0.014215
14603,20210603,0.014366
14603,20210604,0.005527
14603,20210607,0.004809
14603,20210608,0.005128
14603,20210609,-0.007143
14603,20210610,0.024323
14603,20210611,0
14603,20210614,-0.017391
14603,20210615,0.023826
14603,20210616,-0.011303
14603,20210617,-0.006725
14603,20210618,-0.005416
14603,20210621,-0.009871
14603,20210622,-0.017532
14603,20210623,0.004199
14603,20210624,0.014634
14603,20210625,-0.023008
14603,20210628,0.016872
14603,20210629,-0.002765
14603,20210630,0.00104
14603,20210701,0.039127
14603,20210702,-0.015661
14603,20210706,-0.025728
14603,20210707,-0.06984
14603,20210708,-0.04632
14603,20210709,0.008226
14603,20210712,0.05439
14603,20210713,-0.053795
14603,20210714,-0.025701
14603,20210715,-0.001599
14603,20210716,-0.003603
14603,20210719,-0.004018
14603,20210720,0.012102
14603,20210721,0.004384
14603,20210722,-0.020238
14603,20210723,-0.015391
14603,20210726,0.018922
14603,20210727,-0.027453
14603,20210728,0.014944
14603,20210729,-0.015133
14603,20210730,-0.017027
14603,20210802,0.027883
14603,20210803,0.009453
14603,20210804,-0.035016
14603,20210805,0.000844
14603,20210806,0.010961
14603,20210809,0.000417
14603,20210810,-0.017507
14603,20210811,0.026729
14603,20210812,0.008678
14603,20210813,0.013929
14603,20210816,0.019394
14603,20210817,-0.005153
14603,20210818,0.009562
14603,20210819,-0.025256
14603,20210820,0.02834
14603,20210823,-0.043307
14603,20210824,-0.0107
14603,20210825,-0.021631
14603,20210826,-0.029337
14603,20210827,0.026719
14603,20210830,0.015358
14603,20210831,0.02563
14603,20210901,-0.000412
14603,20210902,0.033773
14603,20210903,-0.05498
14603,20210907,0.005902
14603,20210908,-0.001676
14603,20210909,-0.020151
14603,20210910,-0.031705
14603,20210913,-0.006195
14603,20210914,-0.016028
14603,20210915,-0.033032
14603,20210916,-0.002808
14603,20210917,0.015955
14603,20210920,-0.011547
14603,20210921,0.013084
14603,20210922,-0.015683
14603,20210923,0.004686
14603,20210924,0.006996
14603,20210927,-0.012506
14603,20210928,-0.03424
14603,20210929,0.049053
14603,20210930,-0.002778
14603,20211001,0.002785
14603,20211004,0
14603,20211005,-0.003704
14603,20211006,0.005576
14603,20211007,0.024492
14603,20211008,-0.006766
14603,20211011,0.000454
14603,20211012,-0.019065
14603,20211013,0.002314
14603,20211014,0.006463
14603,20211015,0
14603,20211018,-0.002294
14603,20211019,-0.009655
14603,20211020,0.024141
14603,20211021,0.015866
14603,20211022,0.006247
14603,20211025,0.008869
14603,20211026,-0.011868
14603,20211027,-0.024021
14603,20211028,0.011395
14603,20211029,-0.011266
14603,20211101,0.022789
14603,20211102,-0.046791
14603,20211103,0.041141
14603,20211104,-0.018859
14603,20211105,0.023799
14603,20211108,-0.009388
14603,20211109,0.004061
14603,20211110,0.008539
14603,20211111,0.013815
14603,20211112,0.00044
14603,20211115,-0.025044
14603,20211116,-0.002704
14603,20211117,-0.020334
14603,20211118,0.005074
14603,20211119,0
14603,20211122,0.018357
14603,20211123,-0.011717
14603,20211124,0.00917
14603,20211126,-0.05134
14603,20211129,-0.001916
14603,20211130,-0.059981
14603,20211201,-0.003063
14603,20211202,0.03277
14603,20211203,-0.010907
14603,20211206,0.052632
14603,20211207,0.018095
14603,20211208,-0.036015
14603,20211209,-0.035905
14603,20211210,-0.031203
14603,20211213,0.002078
14603,20211214,-0.017107
14603,20211215,0.03903
14603,20211216,-0.002538
14603,20211217,0.00458
14603,20211220,0.031408
14603,20211221,0.026031
14603,20211222,0.009574
14603,20211223,-0.017544
14603,20211227,0.020753
14603,20211228,-0.007565
14603,20211229,-0.019533
14603,20211230,-0.004373
14603,20211231,-0.003416
14603,20220103,0.020568
14603,20220104,-0.019194
14603,20220105,-0.001957
14603,20220106,0.00098
14603,20220107,-0.007346
14603,20220110,0.049334
14603,20220111,-0.021627
14603,20220112,-0.007689
14603,20220113,0.003874
14603,20220114,0.016401
14603,20220118,-0.037969
14603,20220119,-0.008387
14603,20220120,-0.014925
14603,20220121,0.007576
14603,20220124,0.002506
14603,20220125,-0.0215
14603,20220126,-0.017374
14603,20220127,-0.00936
14603,20220128,-0.028871
14603,20220131,0.043243
14603,20220201,-0.003109
14603,20220202,-0.00052
14603,20220203,-0.019761
14603,20220204,-0.024403
14603,20220207,0.018488
14603,20220208,0.009076
14603,20220209,-0.012698
14603,20220210,0.070204
14603,20220211,0.052579
14603,20220214,0.021884
14603,20220215,0.005587
14603,20220216,0.011574
14603,20220217,-0.037986
14603,20220218,0.019981
14603,20220222,-0.03778
14603,20220223,0.006786
14603,20220224,0
14603,20220225,0.025036
14603,20220228,0.00047
14603,20220301,-0.017371
14603,20220302,0.009611
14603,20220303,-0.013327
14603,20220304,0.01013
14603,20220307,-0.016237
14603,20220308,-0.01699
14603,20220309,0.001975
14603,20220310,0.005914
14603,20220311,-0.018128
14603,20220314,0.005489
14603,20220315,-0.007444
14603,20220316,-0.0055
14603,20220317,-0.003017
14603,20220318,0.013616
14603,20220321,0.00398
14603,20220322,-0.011893
14603,20220323,-0.010532
14603,20220324,0.003548
14603,20220325,0.009091
14603,20220328,-0.018018
14603,20220329,0.01631
14603,20220330,0.002507
14603,20220331,-0.002001
14603,20220401,0.026065
14603,20220404,-0.004397
14603,20220405,-0.016192
14603,20220406,-0.021446
14603,20220407,0.011213
14603,20220408,-0.029738
14603,20220411,0.026494
14603,20220412,-0.019231
14603,20220413,0.01032
14603,20220414,-0.001021
14603,20220418,-0.015849
14603,20220419,0.011429
14603,20220420,0.020545
14603,20220421,0.010569
14603,20220422,-0.046813
14603,20220425,-0.015151
14603,20220426,-0.002122
14603,20220427,-0.036151
14603,20220428,0.02813
14603,20220429,-0.034871
14603,20220502,0.002779
14603,20220503,0.043237
14603,20220504,0.055792
14603,20220505,-0.091092
14603,20220506,0.037099
14603,20220509,-0.024026
14603,20220510,0.015317
14603,20220511,-0.028556
14603,20220512,0.014975
14603,20220513,-0.008197
14603,20220516,0.020937
14603,20220517,0.009174
14603,20220518,-0.001604
14603,20220519,-0.039636
14603,20220520,0.036252
14603,20220523,-0.012917
14603,20220524,0.008724
14603,20220525,0.030811
14603,20220526,-0.003671
14603,20220527,0.027895
14603,20220531,-0.010241
14603,20220601,-0.025508
14603,20220602,0.037927
14603,20220603,-0.036541
14603,20220606,0.018162
14603,20220607,0.009444
14603,20220608,-0.026507
14603,20220609,0.030432
14603,20220610,-0.032642
14603,20220613,-0.025174
14603,20220614,0.010439
14603,20220615,-0.006525
14603,20220616,-0.020799
14603,20220617,0.015092
14603,20220621,0.009912
14603,20220622,-0.016903
14603,20220623,0.051581
14603,20220624,0.070675
14603,20220627,-0.049261
14603,20220628,-0.007254
14603,20220629,0.001566
14603,20220630,-0.003127
14603,20220701,0.024046
14603,20220705,0.028586
14603,20220706,-0.02531
14603,20220707,0.001528
14603,20220708,-0.006101
14603,20220711,0.004092
14603,20220712,-0.011717
14603,20220713,0.000515
14603,20220714,0.01185
14603,20220715,0.019857
14603,20220718,-0.00699
14603,20220719,0.016591
14603,20220720,-0.004451
14603,20220721,-0.016393
14603,20220722,0.001515
14603,20220725,-0.050933
14603,20220726,0.023379
14603,20220727,0.003634
14603,20220728,0.02328
14603,20220729,-0.010617
14603,20220801,0.02095
14603,20220802,-0.031531
14603,20220803,-0.021189
14603,20220804,-0.017951
14603,20220805,0.005376
14603,20220808,0.023529
14603,20220809,-0.008882
14603,20220810,0.001581
14603,20220811,-0.013684
14603,20220812,0.024546
14603,20220815,-0.002604
14603,20220816,-0.020888
14603,20220817,-0.016
14603,20220818,-0.006504
14603,20220819,-0.005456
14603,20220822,-0.013165
14603,20220823,-0.042802
14603,20220824,0.009292
14603,20220825,-0.056387
14603,20220826,-0.025
14603,20220829,-0.002502
14603,20220830,-0.02884
14603,20220831,-0.043899
14603,20220901,0.033086
14603,20220902,-0.04183
14603,20220906,0.010914
14603,20220907,0.022449
14603,20220908,-0.00998
14603,20220909,0.014113
14603,20220912,0.029158
14603,20220913,-0.056021
14603,20220914,-0.001364
14603,20220915,-0.023907
14603,20220916,0.012596
14603,20220919,-0.022115
14603,20220920,-0.00636
14603,20220921,-0.019915
14603,20220922,-0.028302
14603,20220923,-0.027633
14603,20220926,-0.012289
14603,20220927,-0.00311
14603,20220928,0.022621
14603,20220929,0.004577
14603,20220930,0.009112
14603,20221003,0.035365
14603,20221004,0.014535
14603,20221005,-0.040115
14603,20221006,-0.029851
14603,20221007,-0.010769
14603,20221010,0.026439
14603,20221011,0.023485
14603,20221012,0.00074
14603,20221013,0.026627
14603,20221014,-0.011527
14603,20221017,0.021866
14603,20221018,0.015692
14603,20221019,-0.022472
14603,20221020,0.001437
14603,20221021,-0.005739
14603,20221024,0.013709
14603,20221025,0.010676
14603,20221026,0.020423
14603,20221027,-0.018634
14603,20221028,0.046413
14603,20221031,-0.012769
14603,20221101,0.012934
14603,20221102,-0.040995
14603,20221103,-0.007709
14603,20221104,0.021893
14603,20221107,0.030408
14603,20221108,-0.008048
14603,20221109,-0.025017
14603,20221110,-0.030513
14603,20221111,0.001431
14603,20221114,-0.027857
14603,20221115,-0.035268
14603,20221116,-0.022087
14603,20221117,-0.018692
14603,20221118,-0.009524
14603,20221121,-0.004808
14603,20221122,0.008857
14603,20221123,-0.002394
14603,20221125,-0.0064
14603,20221128,-0.025765
14603,20221129,0.005785
14603,20221130,0.021577
14603,20221201,0.020309
14603,20221202,-0.009554
14603,20221205,-0.008039
14603,20221206,0.02269
14603,20221207,-0.008716
14603,20221208,0.01279
14603,20221209,0.001578
14603,20221212,0.010244
14603,20221213,0.016381
14603,20221214,0.00921
14603,20221215,-0.015209
14603,20221216,-0.039382
14603,20221219,0.023312
14603,20221220,0.001571
14603,20221221,0.072157
14603,20221222,0.008778
14603,20221223,0.007977
14603,20221227,-0.042446
14603,20221228,0.007513
14603,20221229,0.003729
14603,20221230,-0.003715
14603,20230103,0.019389
14603,20230104,0.007315
14603,20230105,-0.006536
14603,20230106,0.009503
14603,20230109,-0.009413
14603,20230110,0.015351
14603,20230111,0.045356
14603,20230112,0.013774
14603,20230113,-0.002038
14603,20230117,0.000681
14603,20230118,0.011565
14603,20230119,0.024882
14603,20230120,0.005906
14603,20230123,0.007175
14603,20230124,-0.018782
14603,20230125,0.00396
14603,20230126,0.00526
14603,20230127,-0.002616
14603,20230130,-0.009836
14603,20230131,0.019867
14603,20230201,0.031818
14603,20230202,0.023285
14603,20230203,0
14603,20230206,-0.016605
14603,20230207,0.003752
14603,20230208,-0.009346
14603,20230209,0
14603,20230210,-0.009434
14603,20230213,0.005714
14603,20230214,0.015152
14603,20230215,0.013682
14603,20230216,-0.001227
14603,20230217,0.005528
14603,20230221,-0.022602
14603,20230222,-0.0175
14603,20230223,0.012723
14603,20230224,-0.025126
14603,20230227,0.022552
14603,20230228,-0.00252
14603,20230301,0.014004
14603,20230302,0.004394
14603,20230303,0.0075
14603,20230306,-0.022953
14603,20230307,0.007619
14603,20230308,0.00189
14603,20230309,-0.013208
14603,20230310,-0.025494
14603,20230313,-0.010464
14603,20230314,0.017845
14603,20230315,-0.042857
14603,20230316,0.026459
14603,20230317,-0.040317
14603,20230320,0.024105
14603,20230321,0.009415
14603,20230322,-0.015323
14603,20230323,-0.016915
14603,20230324,0.010324
14603,20230327,0.010899
14603,20230328,-0.010782
14603,20230329,0.023842
14603,20230330,-0.000665
14603,20230331,0.019973
14603,20230403,-0.011749
14603,20230404,-0.024439
14603,20230405,-0.008802
14603,20230406,0.030055
14603,20230410,-0.007958
14603,20230411,0.012701
14603,20230412,0.005281
14603,20230413,0.040709
14603,20230414,-0.010095
14603,20230417,0.011472
14603,20230418,-0.011342
14603,20230419,-0.008285
14603,20230420,0.003213
14603,20230421,0.017937
14603,20230424,-0.015733
14603,20230425,-0.014706
14603,20230426,-0.003894
14603,20230427,-0.001303
14603,20230428,0.015003
14603,20230501,0.019923
14603,20230502,-0.015753
14603,20230503,-0.00128
14603,20230504,-0.082692
14603,20230505,0.023061
14603,20230508,-0.018443
14603,20230509,-0.036882
14603,20230510,0.017341
14603,20230511,0.002131
14603,20230512,-0.004252
14603,20230515,0.026335
14603,20230516,-0.045076
14603,20230517,0.020334
14603,20230518,-0.012811
14603,20230519,0.016583
14603,20230522,0.002837
14603,20230523,-0.028996
14603,20230524,-0.048798
14603,20230525,-0.007657
14603,20230526,0.018519
14603,20230530,0.003788
14603,20230531,0.003774
14603,20230601,-0.028571
14603,20230602,0.064241
14603,20230605,-0.035636
14603,20230606,0.033182
14603,20230607,0.023564
14603,20230608,-0.002878
14603,20230609,-0.025974
14603,20230612,0.017037
14603,20230613,0.006555
14603,20230614,-0.012301
14603,20230615,0.005128
14603,20230616,0.007289
14603,20230620,0.010854
14603,20230621,-0.035075
14603,20230622,0.014837
14603,20230623,-0.015351
14603,20230626,-0.008909
14603,20230627,0.011985
14603,20230628,-0.009623
14603,20230629,0.0142
14603,20230630,0.00958
14603,20230703,0.00438
14603,20230705,0.034884
14603,20230706,0.020365
14603,20230707,-0.012388
14603,20230710,-0.005575
14603,20230711,0.022425
14603,20230712,0.002742
14603,20230713,0.005468
14603,20230714,-0.008838
14603,20230717,-0.004801
14603,20230718,-0.013094
14603,20230719,0.014665
14603,20230720,0.015829
14603,20230721,0.012195
14603,20230724,0.009371
14603,20230725,-0.03183
14603,20230726,0.012329
14603,20230727,-0.039242
14603,20230728,0.011972
14603,20230731,0.007655
14603,20230801,0.024171
14603,20230802,0.002023
14603,20230803,0.003365
14603,20230804,0.020121
14603,20230807,-0.015779
14603,20230808,0.020708
14603,20230809,-0.007199
14603,20230810,0.001318
14603,20230811,0.006583
14603,20230814,-0.011118
14603,20230815,-0.008598
14603,20230816,0.008672
14603,20230817,-0.011243
14603,20230818,0.013378
14603,20230821,-0.012541
14603,20230822,0.00869
14603,20230823,0.010603
14603,20230824,-0.017049
14603,20230825,-0.000667
14603,20230828,0
14603,20230829,-0.011348
14603,20230830,0.00135
14603,20230831,-0.059339
14603,20230901,0.040143
14603,20230905,-0.066161
14603,20230906,-0.038719
14603,20230907,-0.033308
14603,20230908,0.007212
14603,20230911,0.011138
14603,20230912,-0.00236
14603,20230913,0.022082
14603,20230914,0.001543
14603,20230915,-0.027735
14603,20230918,-0.005547
14603,20230919,-0.004781
14603,20230920,0.005605
14603,20230921,0.050955
14603,20230922,0.001515
14603,20230925,0
14603,20230926,-0.015885
14603,20230927,-0.019216
14603,20230928,-0.025862
14603,20230929,0.027353
14603,20231002,-0.002349
14603,20231003,-0.006279
14603,20231004,-0.004739
14603,20231005,0.024603
14603,20231006,-0.012393
14603,20231009,-0.035294
14603,20231010,-0.002439
14603,20231011,-0.041565
14603,20231012,0.034014
14603,20231013,-0.032072
14603,20231016,0.016992
14603,20231017,0.027569
14603,20231018,-0.015447
14603,20231019,-0.024773
14603,20231020,-0.00508
14603,20231023,-0.04
14603,20231024,-0.001773
14603,20231025,-0.038188
14603,20231026,0.003693
14603,20231027,-0.0092
14603,20231030,0.015785
14603,20231031,-0.001828
14603,20231101,0.024725
14603,20231102,0.057194
14603,20231103,0.043111
14603,20231106,-0.008914
14603,20231107,-0.01063
14603,20231108,-0.004959
14603,20231109,-0.185216
14603,20231110,-0.015291
14603,20231113,0.011387
14603,20231114,0.040942
14603,20231115,0.032448
14603,20231116,0.002857
14603,20231117,0.043685
14603,20231120,-0.047316
14603,20231121,-0.021968
14603,20231122,0.007812
14603,20231124,0.021318
14603,20231127,-0.018027
14603,20231128,-0.052174
14603,20231129,0.006192
14603,20231130,-0.01641
14603,20231201,0.029197
14603,20231204,0.138804
14603,20231205,0.017794
14603,20231206,0
14603,20231207,-0.026224
14603,20231208,-0.005386
14603,20231211,-0.009928
14603,20231212,0.023701
14603,20231213,0.032948
14603,20231214,-0.001724
14603,20231215,-0.025043
14603,20231218,0.000886
14603,20231219,0.025664
14603,20231220,-0.012942
14603,20231221,-0.004371
14603,20231222,-0.015803
14603,20231226,0.028546
14603,20231227,0.00954
14603,20231228,-0.001718
14603,20231229,-0.003442
14603,20240102,0.021589
14603,20240103,-0.019442
14603,20240104,-0.022414
14603,20240105,-0.003527
14603,20240108,0.010619
14603,20240109,-0.014886
14603,20240110,-0.008
14603,20240111,-0.021505
14603,20240112,0.043956
14603,20240116,0
14603,20240117,-0.00614
14603,20240118,0
14603,20240119,-0.022948
14603,20240122,0.009937
14603,20240123,-0.016995
14603,20240124,0
14603,20240125,0.019108
14603,20240126,0.041071
14603,20240129,0
14603,20240130,-0.033448
14603,20240131,-0.040816
14603,20240201,0.012026
14603,20240202,-0.028336
14603,20240205,0.008467
14603,20240206,0.009328
14603,20240207,-0.013863
14603,20240208,0.074039
14603,20240209,0.009599
14603,20240212,0.051858
14603,20240213,-0.069022
14603,20240214,0.054722
14603,20240215,0.017573
14603,20240216,-0.007401
14603,20240220,0.012428
14603,20240221,0.025368
14603,20240222,0.024741
14603,20240223,0.003115
14603,20240226,0.021739
14603,20240227,0.012158
14603,20240228,-0.032282
14603,20240229,0.003103
14603,20240301,0.035576
14603,20240304,0.021658
14603,20240305,-0.024123
14603,20240306,-0.003779
14603,20240307,-0.020486
14603,20240308,-0.001549
14603,20240311,-0.021722
14603,20240312,0.000793
14603,20240313,0.008716
14603,20240314,-0.050275
14603,20240315,0.020678
14603,20240318,0.011345
14603,20240319,-0.002404
14603,20240320,0.000803
14603,20240321,-0.014446
14603,20240322,-0.015472
14603,20240325,0.038048
14603,20240326,0.023108
14603,20240327,0.017134
14603,20240328,-0.009954
14603,20240401,-0.024749
14603,20240402,-0.003172
14603,20240403,0.02864
14603,20240404,-0.00232
14603,20240405,-0.006977
14603,20240408,0.005464
14603,20240409,0.018634
14603,20240410,0.008384
14603,20240411,-0.010582
14603,20240412,0.001528
14603,20240415,0.007628
14603,20240416,-0.016654
14603,20240417,-0.009238
14603,20240418,0.013209
14603,20240419,0.019939
14603,20240422,-0.018797
14603,20240423,0.042912
14603,20240424,-0.077149
14603,20240425,-0.009554
14603,20240426,0.023312
14603,20240429,0.318146
14603,20240430,-0.004768
14603,20240501,-0.020958
14603,20240502,0.025076
14603,20240503,0.018496
14603,20240506,-0.036321
14603,20240507,0.019453
14603,20240508,0.024448
14603,20240509,0.030268
14603,20240510,-0.008475
14603,20240513,0.031909
14603,20240514,0.005522
14603,20240515,0.002197
14603,20240516,-0.014795
14603,20240517,0.023359
14603,20240520,-0.009239
14603,20240521,0.00768
14603,20240522,0.002177
14603,20240523,0.002716
14603,20240524,0.004875
14603,20240528,-0.027493
14603,20240529,0.006097
14603,20240530,-0.019284
14603,20240531,-0.009551
14603,20240603,0.017017
14603,20240604,-0.041829
14603,20240605,0.01397
14603,20240606,-0.010405
14603,20240607,0.002336
14603,20240610,-0.013403
14603,20240611,-0.010632
14603,20240612,0.061493
14603,20240613,0
14603,20240614,-0.031496
14603,20240617,0.000581
14603,20240618,0.01451
14603,20240620,0.014874
14603,20240621,-0.005637
14603,20240624,-0.013039
14603,20240625,0.007467
14603,20240626,-0.003991
14603,20240627,-0.015455
14603,20240628,-0.025
14603,20240701,0.0161
14603,20240702,-0.019953
14603,20240703,0.026347
14603,20240705,-0.016919
14603,20240708,0.039763
14603,20240709,-0.02169
14603,20240710,-0.043757
14603,20240711,0.067724
14603,20240712,-0.001143
14603,20240715,0.006865
14603,20240716,0.082386
14603,20240717,-0.001575
14603,20240718,-0.00999
14603,20240719,-0.01009
14603,20240722,0.016631
14603,20240723,-0.001583
14603,20240724,-0.006871
14603,20240725,0.002129
14603,20240726,0.002655
14603,20240729,-0.024364
14603,20240730,-0.002714
14603,20240731,0.027763
14603,20240801,-0.019597
14603,20240802,-0.041599
14603,20240805,-0.02593
14603,20240806,-0.000579
14603,20240807,-0.015634
14603,20240808,0.027059
14603,20240809,0.008591
14603,20240812,-0.018171
14603,20240813,0.03528
14603,20240814,-0.028492
14603,20240815,0.035653
14603,20240816,0.002221
14603,20240819,0.018837
14603,20240820,-0.017401
14603,20240821,0.021583
14603,20240822,0.029794
14603,20240823,0.101526
14603,20240826,0.009551
14603,20240827,-0.003784
14603,20240828,-0.011871
14603,20240829,0.031716
14603,20240830,-0.021891
14603,20240903,-0.053809
14603,20240904,-0.005033
14603,20240905,-0.011705
14603,20240906,0.00206
14603,20240909,0.054985
14603,20240910,0.017048
14603,20240911,-0.020594
14603,20240912,0.037164
14603,20240913,0.036775
14603,20240916,-0.020919
14603,20240917,0.038551
14603,20240918,-0.009392
14603,20240919,0.011738
14603,20240920,-0.005801
14603,20240923,-0.013016
14603,20240924,0.002274
14603,20240925,0.001361
14603,20240926,0.001359
14603,20240927,-0.001357
14603,20240930,0.02039
14603,20241001,-0.019538
14603,20241002,-0.014493
14603,20241003,-0.028952
14603,20241004,0.008519
14603,20241007,-0.019709
14603,20241008,0.053614
14603,20241009,0.007724
14603,20241010,0.032011
14603,20241011,0.026212
14603,20241014,0.034057
14603,20241015,-0.005764
14603,20241016,0.028571
14603,20241017,-0.019324
14603,20241018,-0.011905
14603,20241021,-0.017449
14603,20241022,0.02241
14603,20241023,-0.014888
14603,20241024,-0.017212
14603,20241025,0.000854
14603,20241028,0.007256
14603,20241029,-0.004237
14603,20241030,0.008511
14603,20241031,-0.024473
14603,20241101,0.002595
14603,20241104,-0.034944
14603,20241105,0.021457
14603,20241106,0.010503
14603,20241107,0.017757
14603,20241108,0.014894
14603,20241111,0.071279
14603,20241112,-0.019178
14603,20241113,0.00838
14603,20241114,-0.014642
14603,20241115,-0.017671
14603,20241118,-0.014309
14603,20241119,-0.014932
14603,20241120,-0.015158
14603,20241121,0.015819
14603,20241122,-0.000842
14603,20241125,0.016849
14603,20241126,-0.016984
14603,20241127,-0.000843
14603,20241129,-0.009326
14603,20241202,0.007274
14603,20241203,-0.011895
14603,20241204,0.015907
14603,20241205,-0.030047
14603,20241206,0.012653
14603,20241209,0.004739
14603,20241210,-0.009005
14603,20241211,0.036781
14603,20241212,-0.003339
14603,20241213,-0.05067
14603,20241216,-0.001323
14603,20241217,-0.013251
14603,20241218,-0.047896
14603,20241219,0.025388
14603,20241220,-0.005502
14603,20241223,-0.002305
14603,20241224,0
14603,20241226,0.001848
14603,20241227,-0.029059
14603,20241230,-0.0038
14603,20241231,0.001431